episode,reward,score,lines,pieces,epsilon,loss,avg_reward_100,avg_lines_100
1,-354.0,0,0,25,0.995,0.0,-354.0,0.0
2,-366.09999999999997,0,0,25,0.990025,0.0,-360.04999999999995,0.0
3,-368.0,0,0,25,0.985074875,0.0,-362.7,0.0
4,-375.0,0,0,23,0.9801495006250001,0.0,-365.775,0.0
5,-392.69999999999993,0,0,25,0.9752487531218751,0.0,-371.15999999999997,0.0
6,-359.30000000000007,0,0,27,0.9703725093562657,0.0,-369.18333333333334,0.0
7,-352.5,0,0,28,0.9655206468094844,0.0,-366.8,0.0
8,-385.0,100,1,27,0.960693043575437,0.0,-369.075,0.125
9,-366.9,0,0,26,0.9558895783575597,0.0,-368.8333333333333,0.1111111111111111
10,-371.90000000000003,0,0,26,0.9511101304657719,0.0,-369.14,0.1
11,-377.80000000000007,0,0,26,0.946354579813443,0.0,-369.92727272727274,0.09090909090909091
12,-348.90000000000003,0,0,23,0.9416228069143757,0.0,-368.175,0.08333333333333333
13,-370.20000000000005,0,0,27,0.9369146928798039,0.0,-368.33076923076925,0.07692307692307693
14,-401.5000000000001,0,0,24,0.9322301194154049,0.0,-370.7,0.07142857142857142
15,-394.09999999999997,0,0,18,0.9275689688183278,0.0,-372.26000000000005,0.06666666666666667
16,-380.69999999999993,0,0,25,0.9229311239742362,0.0,-372.7875,0.0625
17,-344.8,0,0,25,0.918316468354365,0.0,-371.1411764705883,0.058823529411764705
18,-379.9000000000001,0,0,26,0.9137248860125932,0.0,-371.62777777777785,0.05555555555555555
19,-390.0,0,0,25,0.9091562615825302,0.0,-372.5947368421053,0.05263157894736842
20,-340.90000000000003,0,0,27,0.9046104802746175,0.0,-371.01000000000005,0.05
21,-346.80000000000007,0,0,25,0.9000874278732445,0.0,-369.8571428571429,0.047619047619047616
22,-407.70000000000005,0,0,22,0.8955869907338783,0.0,-371.57727272727277,0.045454545454545456
23,-355.70000000000005,0,0,28,0.8911090557802088,0.0,-370.8869565217392,0.043478260869565216
24,-397.9,0,0,25,0.8866535105013078,0.0,-372.01250000000005,0.041666666666666664
25,-350.90000000000003,0,0,21,0.8822202429488013,0.0,-371.168,0.04
26,-352.6,0,0,28,0.8778091417340573,0.0,-370.4538461538462,0.038461538461538464
27,-390.6,0,0,18,0.8734200960253871,0.0,-371.20000000000005,0.037037037037037035
28,-331.59999999999997,0,0,32,0.8690529955452602,0.0,-369.78571428571433,0.03571428571428571
29,-362.59999999999997,0,0,28,0.8647077305675338,0.0,-369.5379310344828,0.034482758620689655
30,-354.1,200,2,30,0.8603841919146962,0.0,-369.0233333333334,0.1
31,-376.90000000000003,0,0,23,0.8560822709551227,0.0,-369.2774193548388,0.0967741935483871
32,-387.1,0,0,22,0.851801859600347,0.0,-369.8343750000001,0.09375
33,-375.9,0,0,26,0.8475428503023453,0.0,-370.01818181818186,0.09090909090909091
34,-382.0,0,0,25,0.8433051360508336,0.0,-370.3705882352942,0.08823529411764706
35,-377.3,0,0,23,0.8390886103705794,0.0,-370.5685714285715,0.08571428571428572
36,-369.30000000000007,0,0,28,0.8348931673187264,0.0,-370.53333333333336,0.08333333333333333
37,-367.0,0,0,28,0.8307187014821328,0.0,-370.43783783783783,0.08108108108108109
38,-373.4000000000001,0,0,26,0.8265651079747222,0.0,-370.5157894736842,0.07894736842105263
39,-373.9,0,0,28,0.8224322824348486,0.0,-370.6025641025641,0.07692307692307693
40,-368.8,0,0,28,0.8183201210226743,14.05411926905314,-370.5575,0.075
41,-357.79999999999995,0,0,28,0.8142285204175609,11.08867985861642,-370.2463414634146,0.07317073170731707
42,-359.30000000000007,0,0,28,0.810157377815473,9.916025127683367,-369.9857142857142,0.07142857142857142
43,-346.6,0,0,29,0.8061065909263957,9.755576347482615,-369.44186046511624,0.06976744186046512
44,-403.4,0,0,24,0.8020760579717637,9.543712258338928,-370.21363636363634,0.06818181818181818
45,-373.70000000000005,0,0,28,0.798065677681905,9.983511362757001,-370.2911111111111,0.06666666666666667
46,-304.4,0,0,30,0.7940753492934954,9.882855876286824,-368.85869565217394,0.06521739130434782
47,-393.30000000000007,0,0,25,0.7901049725470279,9.820833492279053,-369.3787234042553,0.06382978723404255
48,-375.90000000000003,0,0,26,0.7861544476842928,9.606880793204674,-369.51458333333335,0.0625
49,-375.69999999999993,100,1,29,0.7822236754458713,9.393833998976083,-369.6408163265306,0.08163265306122448
50,-391.30000000000007,0,0,24,0.778312557068642,9.265849113464355,-370.074,0.08
51,-359.69999999999993,0,0,28,0.7744209942832988,9.620160494531904,-369.8705882352941,0.0784313725490196
52,-393.5,0,0,22,0.7705488893118823,9.54850586977872,-370.32500000000005,0.07692307692307693
53,-335.19999999999993,0,0,32,0.7666961448653229,9.193753704428673,-369.66226415094343,0.07547169811320754
54,-393.1,0,0,25,0.7628626641409962,8.937914028167725,-370.0962962962963,0.07407407407407407
55,-411.9000000000001,0,0,24,0.7590483508202912,9.000300347805023,-370.85636363636365,0.07272727272727272
56,-364.5,0,0,28,0.7552531090661897,9.471997652735029,-370.7428571428572,0.07142857142857142
57,-370.19999999999993,0,0,27,0.7514768435208588,9.24464718500773,-370.7333333333334,0.07017543859649122
58,-342.7000000000001,0,0,29,0.7477194593032545,9.673896082516375,-370.25000000000006,0.06896551724137931
59,-360.6,0,0,26,0.7439808620067382,9.445855984321007,-370.08644067796615,0.06779661016949153
60,-368.0,0,0,22,0.7402609576967045,9.29804784601385,-370.0516666666667,0.06666666666666667
61,-385.1,0,0,26,0.736559652908221,9.346480387907762,-370.2983606557377,0.06557377049180328
62,-395.30000000000007,0,0,25,0.7328768546436799,9.144113636016845,-370.7016129032258,0.06451612903225806
63,-347.3,0,0,29,0.7292124703704616,9.126896414263495,-370.3301587301587,0.06349206349206349
64,-386.0,0,0,25,0.7255664080186093,8.961374282836914,-370.575,0.0625
65,-377.1,0,0,23,0.7219385759785162,8.897739742113197,-370.6753846153846,0.06153846153846154
66,-317.1,0,0,33,0.7183288830986236,9.009203318393592,-369.8636363636363,0.06060606060606061
67,-347.80000000000007,0,0,31,0.7147372386831305,8.861717347175844,-369.5343283582089,0.05970149253731343
68,-347.1,0,0,30,0.7111635524897149,8.48256230354309,-369.2044117647058,0.058823529411764705
69,-357.8,100,1,31,0.7076077347272662,8.58071937868672,-369.0391304347825,0.07246376811594203
70,-388.4,0,0,25,0.7040696960536299,8.813254470825195,-369.3157142857142,0.07142857142857142
71,-380.90000000000003,0,0,26,0.7005493475733617,8.78804874420166,-369.47887323943655,0.07042253521126761
72,-387.40000000000003,0,0,26,0.697046600835495,8.575914291235117,-369.72777777777776,0.06944444444444445
73,-382.70000000000005,0,0,21,0.6935613678313175,9.070627008165632,-369.90547945205475,0.0684931506849315
74,-416.80000000000007,100,1,31,0.6900935609921609,8.47875742758474,-370.5391891891892,0.08108108108108109
75,-346.4,0,0,30,0.6866430931872001,8.484388748804728,-370.21733333333333,0.08
76,-381.0,0,0,25,0.6832098777212641,8.646518096923828,-370.3592105263158,0.07894736842105263
77,-357.20000000000005,0,0,27,0.6797938283326578,10.00708210909808,-370.18831168831167,0.07792207792207792
78,-325.79999999999995,0,0,31,0.6763948591909945,8.772481979862336,-369.61923076923074,0.07692307692307693
79,-382.79999999999995,0,0,26,0.6730128848950395,8.371992166225727,-369.78607594936705,0.0759493670886076
80,-391.70000000000005,0,0,23,0.6696478204705644,8.796259631281314,-370.06,0.075
81,-331.09999999999997,100,1,30,0.6662995813682115,8.678639793395996,-369.57901234567896,0.08641975308641975
82,-338.30000000000007,200,2,34,0.6629680834613705,8.489712841370526,-369.19756097560975,0.10975609756097561
83,-385.1,0,0,23,0.6596532430440636,8.294025317482326,-369.38915662650595,0.10843373493975904
84,-374.8,0,0,27,0.6563549768288433,8.116391552819145,-369.45357142857137,0.10714285714285714
85,-386.8,0,0,25,0.653073201944699,8.205307731628418,-369.65764705882344,0.10588235294117647
86,-423.8,0,0,18,0.6498078359349755,8.42844565709432,-370.2872093023255,0.10465116279069768
87,-395.8,0,0,25,0.6465587967553006,8.085004005432129,-370.5804597701149,0.10344827586206896
88,-364.1,0,0,28,0.6433260027715241,8.355589883668083,-370.50681818181806,0.10227272727272728
89,-369.2,100,1,29,0.6401093727576664,8.207454780052448,-370.49213483146053,0.11235955056179775
90,-407.9000000000001,0,0,22,0.6369088258938781,8.113521315834738,-370.90777777777765,0.1111111111111111
91,-387.29999999999995,0,0,23,0.6337242817644086,8.16810655593872,-371.087912087912,0.10989010989010989
92,-329.70000000000005,0,0,30,0.6305556603555866,8.63300739924113,-370.6380434782608,0.10869565217391304
93,-347.5,200,2,33,0.6274028820538087,8.018600940704346,-370.38924731182783,0.12903225806451613
94,-359.6,0,0,29,0.6242658676435396,8.287357609847497,-370.27446808510626,0.1276595744680851
95,-388.69999999999993,0,0,25,0.6211445383053219,8.330783920288086,-370.4684210526314,0.12631578947368421
96,-352.4,0,0,28,0.6180388156137953,9.022383230073112,-370.2802083333332,0.125
97,-395.1,0,0,23,0.6149486215357263,8.154248963231625,-370.53608247422665,0.12371134020618557
98,-352.70000000000005,0,0,28,0.6118738784280476,8.382120881761823,-370.3540816326529,0.12244897959183673
99,-357.9,0,0,24,0.6088145090359074,7.703390856583913,-370.22828282828266,0.12121212121212122
100,-358.4,0,0,29,0.6057704364907278,8.156033959882013,-370.10999999999984,0.12
101,-393.1,0,0,25,0.6027415843082742,7.699888362884521,-370.50099999999986,0.12
102,-362.1,0,0,26,0.5997278763867329,7.707544235082773,-370.46099999999984,0.12
103,-360.9,0,0,27,0.5967292370047992,7.657158427768284,-370.38999999999976,0.12
104,-351.49999999999994,200,2,34,0.5937455908197752,7.871161348679486,-370.15499999999986,0.14
105,-366.29999999999995,0,0,26,0.5907768628656763,7.90824451813331,-369.8909999999999,0.14
106,-390.9,0,0,23,0.5878229785513479,7.728742972664211,-370.2069999999999,0.14
107,-354.40000000000003,0,0,29,0.5848838636585911,7.551236136206265,-370.2259999999999,0.14
108,-294.8,100,1,36,0.5819594443402982,7.686180631319682,-369.32399999999996,0.14
109,-371.6,0,0,28,0.5790496471185967,7.580865928104946,-369.371,0.14
110,-374.4000000000001,0,0,27,0.5761543988830038,7.804776668548584,-369.39599999999996,0.14
111,-364.6,100,1,27,0.5732736268885887,7.430951877876565,-369.26399999999995,0.15
112,-381.09999999999997,0,0,26,0.5704072587541458,7.477048507103553,-369.586,0.15
113,-355.3,200,2,32,0.567555222460375,7.57449047267437,-369.43700000000007,0.17
114,-345.29999999999995,0,0,31,0.5647174463480732,8.733345739303097,-368.875,0.17
115,-364.69999999999993,0,0,28,0.5618938591163328,8.08470014163426,-368.58099999999996,0.17
116,-373.9,0,0,28,0.5590843898207511,7.518858211381095,-368.51300000000003,0.17
117,-335.20000000000005,0,0,27,0.5562889678716474,7.817359624085603,-368.417,0.17
118,-370.5,0,0,22,0.5535075230322891,7.605330185456709,-368.32300000000004,0.17
119,-367.4000000000001,0,0,27,0.5507399854171277,7.804805579008879,-368.097,0.17
120,-378.19999999999993,0,0,26,0.547986285490042,7.57582427905156,-368.47,0.17
121,-350.6,0,0,30,0.5452463540625918,7.4444691181182865,-368.508,0.17
122,-343.3,100,1,33,0.5425201222922789,7.750529838330818,-367.86400000000003,0.18
123,-328.1,0,0,30,0.5398075216808175,7.630829652150472,-367.588,0.18
124,-309.9,0,0,25,0.5371084840724134,7.5863825225830075,-366.708,0.18
125,-359.20000000000005,0,0,28,0.5344229416520513,7.342811141695295,-366.79099999999994,0.18
126,-359.7,0,0,28,0.531750826943791,7.596435938562665,-366.8619999999999,0.18
127,-367.5,0,0,27,0.5290920728090721,7.498671584659153,-366.63099999999986,0.18
128,-373.9000000000001,0,0,28,0.5264466124450268,7.480367047446115,-367.0539999999999,0.18
129,-346.6,0,0,27,0.5238143793828016,7.5000795081809715,-366.89399999999995,0.18
130,-327.2,100,1,33,0.5211953074858876,7.422753868681012,-366.62499999999983,0.17
131,-366.6,0,0,28,0.5185893309484582,7.1896606513432095,-366.5219999999998,0.17
132,-358.19999999999993,100,1,30,0.5159963842937159,8.954415814081829,-366.2329999999999,0.18
133,-373.5,0,0,27,0.5134164023722473,8.163971953921848,-366.2089999999999,0.18
134,-345.9,0,0,28,0.510849320360386,7.922941173825945,-365.8479999999998,0.18
135,-334.49999999999994,400,4,39,0.5082950737585841,7.678083236400898,-365.41999999999985,0.22
136,-339.0,0,0,31,0.5057535983897912,8.304590609765821,-365.1169999999999,0.22
137,-339.6,0,0,26,0.5032248303978422,8.009027829537025,-364.84299999999996,0.22
138,-306.4,200,2,37,0.500708706245853,7.804545763376597,-364.1729999999999,0.24
139,-383.0,100,1,31,0.4982051627146237,7.700687839138892,-364.26399999999995,0.25
140,-385.2,0,0,26,0.49571413690105054,7.557333616109995,-364.42799999999994,0.25
141,-358.1,100,1,30,0.4932355662165453,7.47183715502421,-364.431,0.26
142,-372.50000000000006,0,0,27,0.4907693883854626,7.781713079523157,-364.56299999999993,0.26
143,-303.9,0,0,28,0.4883155414435353,7.68404746055603,-364.13599999999997,0.26
144,-327.4,100,1,31,0.4858739637363176,7.65999880144673,-363.376,0.27
145,-327.8,100,1,32,0.483444593917636,7.688277497887611,-362.91700000000003,0.28
146,-334.20000000000005,0,0,30,0.4810273709480478,7.802281538645427,-363.2150000000001,0.28
147,-358.3,0,0,24,0.47862223409330756,7.280762553215027,-362.86500000000007,0.28
148,-355.9,300,3,33,0.47622912292284103,8.044700550310539,-362.6650000000001,0.31
149,-345.1,0,0,29,0.4738479773082268,8.8437222283462,-362.3590000000001,0.3
150,-345.7,0,0,31,0.47147873742168567,8.495155334472656,-361.9030000000001,0.3
151,-326.3,200,2,35,0.46912134373457726,8.401135172162737,-361.5690000000001,0.32
152,-355.4,0,0,29,0.46677573701590436,8.533273762670056,-361.1880000000001,0.32
153,-331.2,0,0,29,0.46444185833082485,8.468980904283194,-361.148,0.32
154,-408.2,0,0,23,0.46211964903917074,8.606554238692574,-361.29900000000004,0.32
155,-342.6,0,0,26,0.4598090507939749,7.858014766986553,-360.606,0.32
156,-295.0,0,0,36,0.457510005540005,8.117575420273674,-359.911,0.32
157,-362.20000000000005,0,0,28,0.45522245551230495,8.273131098066058,-359.8309999999999,0.32
158,-367.9,0,0,27,0.4529463432347434,8.170794857872856,-360.08299999999997,0.32
159,-352.00000000000006,100,1,28,0.4506816115185697,8.298098870686122,-359.99699999999996,0.33
160,-325.29999999999995,100,1,33,0.4484282034609769,7.92503497094819,-359.57,0.34
161,-334.5,0,0,29,0.446186062443672,7.953487494896198,-359.064,0.34
162,-326.7,0,0,29,0.4439551321314536,8.031344726167877,-358.37800000000004,0.34
163,-334.0,100,1,30,0.4417353564707963,8.32251493136088,-358.245,0.35
164,-331.5,600,5,44,0.43952667968844233,7.832474166696722,-357.70000000000005,0.4
165,-311.0,100,1,34,0.43732904629000013,9.428167918149162,-357.0390000000001,0.41
166,-337.20000000000005,0,0,30,0.4351424010585501,8.724293200174968,-357.24000000000007,0.41
167,-347.0,300,3,37,0.43296668905325736,8.854811114233893,-357.23200000000014,0.44
168,-350.5,0,0,28,0.43080185560799106,8.290042621748787,-357.2660000000001,0.44
169,-351.70000000000005,0,0,29,0.4286478463299511,8.54522599845097,-357.205,0.43
170,-281.70000000000005,200,2,37,0.42650460709830135,8.713722950703389,-356.13800000000003,0.45
171,-346.0,0,0,26,0.42437208406280985,8.41867683484004,-355.789,0.45
172,-357.6,100,1,31,0.4222502236424958,8.424375195657053,-355.491,0.46
173,-335.29999999999995,100,1,30,0.42013897252428334,8.511160961786906,-355.01700000000005,0.47
174,-343.79999999999995,0,0,32,0.4180382776616619,8.426150783896446,-354.28700000000003,0.46
175,-310.70000000000005,300,3,38,0.4159480862733536,8.255548201109233,-353.93,0.49
176,-395.6,0,0,25,0.41386834584198684,8.321509246826173,-354.0760000000001,0.49
177,-320.70000000000005,0,0,34,0.4117990041127769,8.393900969449211,-353.71100000000007,0.49
178,-340.5,0,0,30,0.40974000909221303,8.493613084157309,-353.858,0.49
179,-339.1,100,1,33,0.40769130904675194,8.13131095423843,-353.42100000000005,0.5
180,-315.40000000000003,0,0,34,0.40565285250151817,8.3538579379811,-352.658,0.5
181,-345.90000000000003,0,0,32,0.4036245882390106,9.119185820221901,-352.806,0.49
182,-308.1,200,2,39,0.4016064652978155,9.061275482177734,-352.504,0.49
183,-341.6,0,0,30,0.3995984329713264,9.006647157669068,-352.069,0.49
184,-365.6,100,1,27,0.3976004408064698,8.802288903130425,-351.97700000000003,0.5
185,-349.1,0,0,31,0.39561243860243744,8.51225419198313,-351.6000000000001,0.5
186,-330.4,0,0,32,0.3936343764094253,8.61303548514843,-350.66600000000005,0.5
187,-380.30000000000007,0,0,26,0.39166620452737816,8.950520827220036,-350.5110000000001,0.5
188,-354.9,100,1,31,0.3897078735047413,8.962134638140279,-350.41900000000015,0.51
189,-358.20000000000005,100,1,29,0.3877593341372176,8.817721481980948,-350.3090000000001,0.51
190,-372.69999999999993,0,0,27,0.3858205374665315,8.606717780784324,-349.95700000000005,0.51
191,-323.9,100,1,38,0.38389143477919885,8.576972534782008,-349.3230000000001,0.52
192,-341.4,0,0,30,0.3819719776053028,8.65153849919637,-349.44000000000005,0.52
193,-316.6,100,1,35,0.3800621177172763,8.547802025931222,-349.1310000000001,0.51
194,-338.1,0,0,29,0.37816180712868996,8.284388016010153,-348.916,0.51
195,-345.09999999999997,0,0,31,0.37627099809304654,8.585861975146878,-348.48,0.51
196,-311.4000000000001,200,2,38,0.3743896431025813,9.14809122838472,-348.07000000000005,0.53
197,-320.2,0,0,30,0.37251769488706843,9.721820068359374,-347.32099999999997,0.53
198,-328.2,0,0,31,0.3706551064126331,9.2459670805162,-347.07599999999996,0.53
199,-317.8,0,0,32,0.36880183088056995,9.159129425883293,-346.67500000000007,0.53
200,-309.1,100,1,32,0.3669578217261671,9.26724836230278,-346.182,0.54
201,-317.0999999999999,200,2,35,0.36512303261753626,9.369539301736014,-345.42199999999997,0.56
202,-336.0,100,1,32,0.3632974174544486,9.294606313109398,-345.161,0.57
203,-342.0,0,0,30,0.3614809303671764,9.190457566579182,-344.97200000000004,0.57
204,-277.6,0,0,37,0.3596735257153405,9.252534492595776,-344.233,0.55
205,-326.1,0,0,30,0.3578751580867638,9.469275013605754,-343.83099999999996,0.55
206,-319.7,0,0,32,0.35608578229633,9.15905375778675,-343.1189999999999,0.55
207,-308.29999999999995,100,1,34,0.3543053533848483,9.112849137362312,-342.65799999999996,0.56
208,-336.1,0,0,31,0.35253382661792404,9.066075078902706,-343.07099999999997,0.55
209,-342.6,0,0,31,0.3507711574848344,8.83120689084453,-342.7809999999999,0.55
210,-334.8,0,0,32,0.34901730169741024,9.207954332232475,-342.385,0.55
211,-348.0,100,1,31,0.3472722151889232,9.01104711717175,-342.21899999999994,0.55
212,-326.0,100,1,32,0.3455358541129786,9.584189862012863,-341.66799999999995,0.56
213,-329.4000000000001,100,1,33,0.3438081748424137,9.406219309026545,-341.409,0.55
214,-363.6,0,0,30,0.3420891339682016,9.380591615041096,-341.592,0.55
215,-339.9,200,2,35,0.3403786882983606,9.442347989763533,-341.34399999999994,0.57
216,-293.3,0,0,32,0.3386767948568688,9.128095507621765,-340.53799999999995,0.57
217,-305.09999999999997,0,0,36,0.33698341088258443,8.90647021929423,-340.2369999999999,0.57
218,-288.7,300,3,43,0.3352984938281715,8.91561769884686,-339.41899999999987,0.6
219,-327.0,0,0,29,0.33362200135903064,8.891225716163373,-339.0149999999999,0.6
220,-319.50000000000006,100,1,35,0.33195389135223546,8.681430217197963,-338.4279999999999,0.61
221,-299.0,100,1,37,0.3302941218954743,9.145331911138586,-337.9119999999999,0.62
222,-328.4999999999999,0,0,29,0.32864265128599696,8.717563168755893,-337.76399999999995,0.61
223,-309.79999999999995,100,1,32,0.326999438029567,8.827793017029762,-337.58099999999996,0.62
224,-354.70000000000005,0,0,28,0.3253644408394192,8.378630314554487,-338.02899999999994,0.62
225,-389.80000000000007,0,0,26,0.3237376186352221,8.558265722714937,-338.3349999999999,0.62
226,-331.0,100,1,33,0.322118930542046,9.200283686319986,-338.04799999999994,0.63
227,-308.59999999999997,0,0,32,0.32050833588933575,9.203458696603775,-337.45899999999995,0.63
228,-295.8,100,1,37,0.31890579420988907,9.448105232135669,-336.67799999999994,0.64
229,-327.00000000000006,0,0,33,0.3173112652388396,9.588410724293102,-336.48199999999997,0.64
230,-301.69999999999993,100,1,38,0.3157247089126454,9.257837596692537,-336.2269999999999,0.64
231,-327.69999999999993,0,0,32,0.3141460853680822,9.222344845533371,-335.8379999999999,0.64
232,-293.0,200,2,40,0.3125753549412418,9.2457284450531,-335.1859999999999,0.65
233,-322.1,300,3,37,0.31101247816653554,9.227527476645804,-334.6719999999999,0.68
234,-308.20000000000005,0,0,34,0.30945741577570285,9.190459882511812,-334.2949999999999,0.68
235,-328.4,0,0,31,0.3079101286968243,8.991365678848759,-334.2339999999999,0.64
236,-284.1,0,0,37,0.3063705780533402,9.071844706664214,-333.68499999999995,0.64
237,-309.8,0,0,27,0.30483872516307353,9.121266294408727,-333.38699999999994,0.64
238,-296.0,500,5,45,0.3033145315372582,8.655018128289116,-333.28299999999996,0.67
239,-251.40000000000003,300,3,45,0.3017979588795719,8.672327052222357,-331.967,0.69
240,-347.6,0,0,28,0.30028896908517405,8.60843300819397,-331.5909999999999,0.69
241,-288.80000000000007,100,1,39,0.2987875242397482,9.020332886622501,-330.89799999999997,0.69
242,-296.1,200,2,39,0.29729358661854943,9.396447426233536,-330.13399999999984,0.71
243,-298.20000000000005,100,1,37,0.29580711868545667,9.238149178994668,-330.0769999999998,0.72
244,-309.70000000000005,100,1,35,0.2943280830920294,9.36457142148699,-329.89999999999986,0.72
245,-285.59999999999997,200,2,41,0.29285644267656924,8.919340308119612,-329.4779999999999,0.73
246,-292.1000000000001,0,0,36,0.2913921604631864,9.164222902721828,-329.05699999999985,0.73
247,-244.9,300,3,45,0.28993519966087045,9.111292330423991,-327.9229999999999,0.76
248,-261.6,400,4,47,0.2884855236625661,9.00248691883493,-326.97999999999985,0.77
249,-355.6,0,0,30,0.28704309604425327,9.242617829640706,-327.08499999999987,0.77
250,-348.5,0,0,30,0.285607880564032,9.363846031824748,-327.1129999999999,0.77
251,-304.8,100,1,35,0.28417984116121187,8.94407593863351,-326.89799999999985,0.76
252,-322.09999999999997,0,0,29,0.2827589419554058,8.85318188831724,-326.5649999999998,0.76
253,-318.90000000000003,0,0,32,0.28134514724562876,8.694302469491959,-326.44199999999984,0.76
254,-315.20000000000005,0,0,31,0.2799384215094006,8.628877055260443,-325.5119999999999,0.76
255,-342.6000000000001,0,0,31,0.27853872940185365,9.375790703681208,-325.5119999999999,0.76
256,-279.0,100,1,38,0.27714603575484437,9.199539912374396,-325.3519999999999,0.77
257,-300.79999999999995,200,2,39,0.2757603055760701,9.182168654906445,-324.7379999999999,0.79
258,-297.70000000000005,0,0,37,0.2743815040481898,8.789644563520277,-324.0359999999999,0.79
259,-310.0,100,1,34,0.2730095965279488,9.300934679367963,-323.61599999999993,0.79
260,-262.6,500,5,46,0.27164454854530906,8.97920522482499,-322.9889999999999,0.83
261,-397.19999999999993,0,0,23,0.2702863258025825,9.41693059257839,-323.61599999999993,0.83
262,-289.5,200,2,40,0.2689348941735696,9.273049235343933,-323.2439999999999,0.85
263,-292.70000000000005,100,1,37,0.26759021970270175,9.259066543063602,-322.83099999999996,0.85
264,-328.1,100,1,30,0.2662522686041882,9.308521207173666,-322.7969999999999,0.81
265,-310.3,0,0,33,0.2649210072611673,9.084757241335781,-322.7899999999999,0.8
266,-344.1,0,0,31,0.26359640222486147,9.224492057677239,-322.8589999999999,0.8
267,-317.6,0,0,35,0.26227842021373715,9.342329938071115,-322.5649999999999,0.77
268,-320.90000000000003,0,0,34,0.2609670281126685,8.76849536334767,-322.2689999999999,0.77
269,-291.6,200,2,39,0.25966219297210513,9.032408518668932,-321.6679999999999,0.79
270,-328.70000000000005,100,1,32,0.2583638820072446,8.812377855181694,-322.13799999999986,0.78
271,-297.0,0,0,37,0.2570720625972084,9.04714178394627,-321.64799999999985,0.78
272,-307.3,100,1,36,0.25578670228422234,9.00485364596049,-321.14499999999987,0.78
273,-276.2,100,1,40,0.25450776877280124,8.524959433078767,-320.55399999999986,0.78
274,-305.4,300,3,40,0.2532352299289372,8.575508177280426,-320.16999999999985,0.81
275,-277.59999999999997,200,2,42,0.2519690537792925,8.962112665176392,-319.8389999999999,0.8
276,-283.69999999999993,300,3,43,0.2507092085103961,9.189799663632416,-318.7199999999999,0.83
277,-311.59999999999997,200,2,38,0.2494556624678441,8.772694449675711,-318.62899999999985,0.85
278,-310.5,400,4,40,0.24820838415550486,8.612448716163636,-318.3289999999999,0.89
279,-311.1,100,1,35,0.24696734223472733,8.470513480050224,-318.04899999999986,0.89
280,-247.3,400,4,47,0.2457325055235537,8.49861828824307,-317.3679999999998,0.93
281,-309.70000000000005,0,0,36,0.24450384299593592,8.680046213997734,-317.00599999999986,0.93
282,-283.8999999999999,200,2,40,0.24328132378095624,8.422075152397156,-316.7639999999999,0.93
283,-315.29999999999995,100,1,35,0.24206491716205145,8.812983226776122,-316.50099999999986,0.94
284,-233.4,600,5,51,0.2408545925762412,8.4125883065018,-315.1789999999999,0.98
285,-312.4,100,1,36,0.23965031961336,8.235696461465624,-314.8119999999999,0.99
286,-322.5,0,0,32,0.2384520680152932,8.270061805844307,-314.73299999999995,0.99
287,-315.40000000000003,100,1,35,0.23725980767521673,8.550105544498988,-314.08399999999995,1.0
288,-283.3,100,1,38,0.23607350863684065,8.34165324662861,-313.36799999999994,1.0
289,-306.79999999999995,0,0,32,0.23489314109365644,8.404431536793709,-312.8539999999999,0.99
290,-319.5,100,1,34,0.23371867538818816,8.24095618023592,-312.32199999999995,1.0
291,-307.5,200,2,38,0.23255008201124722,8.243715926220542,-312.15799999999996,1.01
292,-304.6,100,1,35,0.231387331601191,8.340745980398996,-311.7899999999999,1.02
293,-349.09999999999997,0,0,29,0.23023039494318503,8.344355944929452,-312.11499999999995,1.01
294,-272.5,200,2,42,0.2290792429684691,8.092081069946289,-311.45899999999995,1.03
295,-287.0,100,1,38,0.22793384675362674,8.111292048504477,-310.87799999999993,1.04
296,-316.1,0,0,34,0.22679417751985861,8.687749357784496,-310.92499999999995,1.02
297,-282.20000000000005,200,2,40,0.22566020663225933,8.71132001876831,-310.54499999999996,1.04
298,-314.4,200,2,34,0.22453190559909803,8.698527280022116,-310.407,1.06
299,-269.90000000000003,200,2,39,0.22340924607110255,8.78534878217257,-309.928,1.08
300,-237.60000000000002,500,5,51,0.22229219984074702,8.29394104901482,-309.21299999999997,1.12
301,-320.80000000000007,200,2,38,0.2211807388415433,8.298706933071738,-309.24999999999994,1.12
302,-312.5,100,1,35,0.22007483514733558,8.72169885635376,-309.015,1.12
303,-248.70000000000002,600,5,49,0.2189744609715989,8.508484986363625,-308.082,1.17
304,-316.9,0,0,36,0.2178795886667409,8.022199789683023,-308.475,1.17
305,-364.9,0,0,27,0.2167901907234072,8.295726864426225,-308.863,1.17
306,-277.7,200,2,42,0.21570623976979014,8.177082288832892,-308.44300000000004,1.19
307,-349.19999999999993,0,0,29,0.21462770857094118,8.058834026599753,-308.85200000000003,1.18
308,-285.7,300,3,41,0.21355457002808648,8.146144099351837,-308.348,1.21
309,-275.80000000000007,100,1,39,0.21248679717794605,8.301690798539381,-307.68000000000006,1.22
310,-266.09999999999997,700,7,52,0.21142436319205632,8.349799073659456,-306.993,1.29
311,-274.5,300,3,43,0.21036724137609603,8.531857557074968,-306.25800000000004,1.31
312,-328.79999999999995,0,0,27,0.20931540516921554,7.878057939034921,-306.28600000000006,1.3
313,-311.5,0,0,33,0.20826882814336947,8.080470012895988,-306.107,1.29
314,-281.80000000000007,100,1,40,0.20722748400265262,8.136556768417359,-305.28900000000004,1.3
315,-257.7,500,5,49,0.20619134658263935,8.168282966224515,-304.46700000000004,1.33
316,-302.9,100,1,37,0.20516038984972615,8.028677875931198,-304.56300000000005,1.34
317,-295.09999999999997,100,1,35,0.2041345879004775,7.998399189540318,-304.4630000000001,1.35
318,-258.5,400,4,47,0.2031139149609751,8.353669897038886,-304.16100000000006,1.36
319,-271.7,200,2,40,0.20209834538617025,8.244372069835663,-303.60800000000006,1.38
320,-297.09999999999997,400,4,41,0.2010878536592394,8.224574100680467,-303.38400000000007,1.41
321,-231.89999999999998,600,6,52,0.2000824143909432,8.288643112549416,-302.7130000000001,1.46
322,-333.2,0,0,31,0.19908200231898848,8.059422339162518,-302.76000000000005,1.46
323,-342.5,100,1,30,0.19808659230739353,8.16578950881958,-303.0870000000001,1.46
324,-306.7,0,0,34,0.19709615934585656,8.158786142573637,-302.60700000000014,1.46
325,-259.0,200,2,41,0.19611067854912728,8.093115760058891,-301.29900000000015,1.48
326,-295.2999999999999,0,0,36,0.19513012515638165,8.24199636777242,-300.9420000000001,1.47
327,-318.4,200,2,34,0.19415447453059972,8.408099020228667,-301.04000000000013,1.49
328,-288.09999999999997,300,3,40,0.19318370215794672,8.307852828502655,-300.9630000000001,1.51
329,-265.9,400,4,46,0.192217783647157,7.910674768945445,-300.3520000000001,1.55
330,-274.50000000000006,300,3,44,0.1912566947289212,8.316507133570584,-300.0800000000001,1.57
331,-217.6,500,5,52,0.1903004112552766,7.870000399076021,-298.9790000000001,1.62
332,-236.6,500,5,49,0.18934890919900021,7.7483135048224,-298.415,1.65
333,-244.8,600,6,50,0.18840216465300522,8.070874176025391,-297.642,1.68
334,-308.70000000000005,200,2,38,0.18746015382974018,8.222670178664359,-297.647,1.7
335,-272.5,400,4,44,0.1865228530605915,8.176600911400534,-297.088,1.74
336,-308.3,100,1,35,0.18559023879528855,8.094891384669713,-297.33,1.75
337,-347.9,0,0,30,0.1846622876013121,8.25002818107605,-297.711,1.75
338,-336.9,200,2,33,0.18373897616330553,8.502886671008486,-298.12000000000006,1.72
339,-287.9,300,3,40,0.182820281282489,8.141717290878296,-298.48500000000007,1.72
340,-350.5,200,2,30,0.18190617987607657,8.069359477361044,-298.51400000000007,1.74
341,-279.9,100,1,36,0.18099664897669618,8.10986144012875,-298.4250000000001,1.74
342,-253.5,300,3,45,0.1800916657318127,8.032246176401774,-297.9990000000001,1.75
343,-265.5,100,1,41,0.17919120740315364,8.22235490054619,-297.6720000000001,1.75
344,-214.29999999999995,700,7,56,0.17829525136613786,7.916492981570108,-296.7180000000001,1.81
345,-375.5,0,0,26,0.17740377510930716,8.117528695326586,-297.6170000000001,1.79
346,-228.70000000000005,800,7,55,0.17651675623376062,8.038708426735617,-296.98300000000006,1.86
347,-273.8,200,2,41,0.1756341724525918,8.09323559737787,-297.2720000000001,1.85
348,-273.8999999999999,100,1,39,0.17475600159032884,7.796291925968268,-297.3950000000001,1.82
349,-245.0,400,4,47,0.17388222158237718,7.650812940394625,-296.2890000000001,1.86
350,-210.6,700,7,57,0.1730128104744653,7.975950717926025,-294.91,1.93
351,-232.5,600,6,50,0.17214774642209296,7.954425878524781,-294.18700000000007,1.98
352,-261.7,200,2,43,0.1712870076899825,8.202362182528473,-293.58299999999997,2.0
353,-249.0,300,3,45,0.17043057265153258,8.248957612779405,-292.884,2.03
354,-224.89999999999998,900,9,57,0.16957841978827493,7.749547481536865,-291.98100000000005,2.12
355,-277.70000000000005,400,4,45,0.16873052768933355,8.103534973992241,-291.33200000000005,2.16
356,-282.19999999999993,100,1,38,0.1678868750508869,8.024623494399222,-291.3640000000001,2.16
357,-273.19999999999993,400,4,44,0.16704744067563246,7.507229707457802,-291.0880000000001,2.18
358,-347.1,0,0,29,0.1662122034722543,7.681436489368307,-291.5820000000001,2.18
359,-233.2,700,5,50,0.16538114245489302,7.8226532554626464,-290.8140000000001,2.22
360,-195.9,800,7,58,0.16455423674261854,7.412569144676471,-290.1470000000001,2.24
361,-213.60000000000002,900,8,57,0.16373146555890544,7.574742551435504,-288.3110000000001,2.32
362,-295.79999999999995,200,2,40,0.16291280823111093,7.491303491592407,-288.3740000000001,2.32
363,-217.20000000000002,700,6,53,0.16209824418995536,7.547082568114659,-287.61900000000014,2.37
364,-276.3,200,2,42,0.16128775296900558,7.479926711037045,-287.10100000000006,2.38
365,-246.8,200,2,43,0.16048131420416054,7.4331255513568255,-286.4660000000001,2.4
366,-301.29999999999995,200,2,40,0.15967890763313974,7.626058185100556,-286.03800000000007,2.42
367,-274.8,100,1,41,0.15888051309497406,7.512955712109077,-285.61,2.43
368,-223.39999999999998,800,7,56,0.1580861105294992,7.64060092823846,-284.63500000000005,2.5
369,-172.0,1200,12,67,0.1572956799768517,7.360542461053649,-283.4390000000001,2.6
370,-320.09999999999997,100,1,35,0.15650920157696743,7.574752535138812,-283.35300000000007,2.6
371,-282.99999999999994,400,4,45,0.1557266555690826,7.461990801493327,-283.2130000000001,2.64
372,-257.5,600,5,45,0.1549480222912372,7.591216384039985,-282.71500000000003,2.68
373,-238.2,700,7,46,0.15417328217978102,7.303914847581283,-282.3350000000001,2.74
374,-270.79999999999995,600,6,47,0.1534024157688821,7.6241209456261165,-281.98900000000003,2.77
375,-326.6,400,4,44,0.1526354036900377,7.378140536221591,-282.47900000000004,2.79
376,-244.7,400,4,48,0.1518722266715875,7.249452124039332,-282.08900000000006,2.8
377,-335.4,100,1,34,0.15111286553822956,7.614286324557136,-282.32700000000006,2.79
378,-210.20000000000005,700,6,55,0.15035730121053842,7.478062655709007,-281.32400000000007,2.81
379,-275.6,100,1,40,0.14960551470448571,7.697218716144562,-280.96900000000005,2.81
380,-238.39999999999998,500,5,50,0.14885748713096328,7.273506927490234,-280.88000000000005,2.82
381,-212.20000000000002,600,6,53,0.14811319969530845,7.283204618489967,-279.90500000000003,2.88
382,-263.7,0,0,37,0.1473726336968319,7.34864210438084,-279.70300000000003,2.86
383,-304.9,0,0,36,0.14663577052834775,7.46854289372762,-279.59900000000005,2.85
384,-221.70000000000002,600,6,55,0.14590259167570602,7.311946972933683,-279.482,2.86
385,-250.1,700,7,50,0.1451730787173275,7.445659790039063,-278.85900000000004,2.92
386,-288.29999999999995,200,2,40,0.14444721332374086,7.540200078487397,-278.51700000000005,2.94
387,-223.5,600,6,53,0.14372497725712216,7.443891075422179,-277.598,2.99
388,-248.70000000000002,400,4,48,0.14300635237083656,7.109497080246608,-277.25200000000007,3.02
389,-289.19999999999993,200,2,39,0.14229132060898236,7.085450612581694,-277.076,3.04
390,-266.3,200,2,43,0.14157986400593744,7.609719897425452,-276.54400000000004,3.05
391,-225.9,400,4,50,0.14087196468590776,7.305545663833618,-275.728,3.07
392,-277.1,300,3,40,0.14016760486247823,7.48657351732254,-275.45300000000003,3.09
393,-273.3,200,2,40,0.13946676683816583,7.393021512031555,-274.69500000000005,3.11
394,-259.8,400,4,48,0.138769433003975,7.535672456026077,-274.568,3.13
395,-263.0,200,2,42,0.13807558583895513,7.260316576276507,-274.328,3.14
396,-271.40000000000003,200,2,40,0.13738520790976036,7.155138039588929,-273.881,3.16
397,-292.6,200,2,42,0.13669828187021155,7.620928616750808,-273.98499999999996,3.16
398,-305.1,300,3,38,0.13601479046086049,7.415653542468422,-273.892,3.17
399,-210.7,600,6,54,0.1353347165085562,7.128869021380389,-273.29999999999995,3.21
400,-266.0,300,3,44,0.1346580429260134,7.306853857907382,-273.584,3.19
401,-211.0,1100,10,60,0.13398475271138335,7.28053940931956,-272.486,3.27
402,-312.4,200,2,37,0.13331482894782642,7.388587242848164,-272.485,3.28
403,-329.1,200,2,36,0.13264825480308728,7.123375376065572,-273.289,3.25
404,-239.1,700,6,52,0.13198501352907185,7.162570531551655,-272.51099999999997,3.31
405,-205.80000000000004,900,9,60,0.1313250884614265,7.183535893758138,-270.92,3.4
406,-278.6,300,3,43,0.13066846301911936,7.247745613719141,-270.9289999999999,3.41
407,-212.6,900,9,59,0.13001512070402377,7.2993466490406105,-269.56299999999993,3.5
408,-315.70000000000005,100,1,35,0.12936504510050365,7.270772062029157,-269.86299999999994,3.48
409,-263.70000000000005,400,3,42,0.12871821987500112,7.486467645281837,-269.74199999999996,3.5
410,-245.1,400,4,47,0.12807462877562611,7.22124642514168,-269.5319999999999,3.47
411,-231.50000000000003,300,3,48,0.12743425563174798,7.222959558169047,-269.1019999999999,3.47
412,-230.8,700,7,54,0.12679708435358925,7.16976711485121,-268.12199999999996,3.54
413,-222.8,500,5,51,0.1261630989318213,7.254143565308814,-267.2349999999999,3.59
414,-303.59999999999997,200,2,40,0.1255322834371622,7.210726416110992,-267.4529999999999,3.6
415,-232.40000000000003,700,7,55,0.12490462201997637,7.334056065299294,-267.2,3.62
416,-259.1000000000001,300,3,44,0.1242800989098765,7.2666403597051445,-266.76199999999994,3.64
417,-250.59999999999997,700,7,52,0.12365869841532712,7.181021947127122,-266.3169999999999,3.7
418,-271.3,400,3,44,0.12304040492325048,7.466526757587086,-266.4449999999999,3.69
419,-234.29999999999998,700,7,52,0.12242520289863423,7.259761590224046,-266.0709999999999,3.74
420,-198.8,700,7,54,0.12181307688414106,7.032585161703604,-265.0879999999999,3.77
421,-285.1,100,1,38,0.12120401149972035,7.287386329550492,-265.61999999999983,3.72
422,-249.0,200,2,43,0.12059799144222175,7.126778325369192,-264.7779999999999,3.74
423,-210.20000000000002,800,8,57,0.11999500148501063,6.938254498598869,-263.45499999999987,3.81
424,-286.0,100,1,37,0.11939502647758558,7.396445029490703,-263.2479999999999,3.82
425,-279.6,600,6,48,0.11879805134519765,7.146168043216069,-263.4539999999999,3.86
426,-238.5,300,3,44,0.11820406108847166,6.9873699166558,-262.88599999999985,3.89
427,-208.6,600,6,55,0.1176130407830293,7.092135854200883,-261.7879999999998,3.93
428,-203.4,900,9,60,0.11702497557911415,7.214244596163431,-260.94099999999986,3.99
429,-218.0,600,6,51,0.11643985070121858,7.075251354890711,-260.4619999999998,4.01
430,-213.9,800,8,59,0.11585765144771248,7.067954241219214,-259.8559999999998,4.06
431,-343.0,200,2,32,0.11527836319047392,6.940680950880051,-261.10999999999984,4.03
432,-329.7,100,1,33,0.11470197137452155,7.048484469905044,-262.0409999999999,3.99
433,-108.20000000000002,2300,20,87,0.11412846151764894,7.469129376027776,-260.67499999999984,4.13
434,-232.30000000000007,600,6,53,0.1135578192100607,7.386615933112378,-259.9109999999999,4.17
435,-242.5,200,2,41,0.11299003011401039,7.414108869506092,-259.6109999999999,4.15
436,-176.9,1300,12,67,0.11242507996344034,7.118402502430019,-258.2969999999999,4.26
437,-270.0,300,3,43,0.11186295456362313,7.099076969679012,-257.518,4.29
438,-137.79999999999998,1600,16,79,0.11130363979080501,7.031670153895511,-255.52699999999993,4.43
439,-257.4,500,5,49,0.11074712159185099,7.066902676407172,-255.22199999999992,4.45
440,-235.89999999999998,600,6,53,0.11019338598389174,6.93682043507414,-254.07599999999994,4.49
441,-229.79999999999998,900,9,57,0.10964241905397228,7.228295953650224,-253.57499999999996,4.57
442,-286.20000000000005,700,7,47,0.10909420695870241,7.115542736459286,-253.90199999999996,4.61
443,-227.0,700,6,52,0.1085487359239089,7.10276263493758,-253.51699999999997,4.66
444,-257.1,300,3,45,0.10800599224428936,7.282154772016737,-253.945,4.62
445,-250.89999999999995,600,6,49,0.10746596228306791,7.016957273288649,-252.69899999999998,4.68
446,-321.6,300,3,37,0.10692863247165257,7.023293224540916,-253.628,4.64
447,-252.99999999999994,400,4,49,0.1063939893092943,6.9836651257106235,-253.42,4.66
448,-258.30000000000007,200,2,41,0.10586201936274783,6.803379314701732,-253.264,4.67
449,-215.79999999999998,800,7,56,0.10533270926593409,7.018304356506893,-252.97199999999998,4.7
450,-329.8,400,3,37,0.10480604571960442,6.756438487284893,-254.164,4.66
451,-321.2,300,3,38,0.1042820154910064,7.120244841826589,-255.051,4.63
452,-289.29999999999995,300,3,41,0.10376060541355137,7.062373405549584,-255.32699999999997,4.64
453,-254.09999999999997,900,7,51,0.1032418023864836,7.153141311570709,-255.37799999999996,4.68
454,-253.1,500,5,48,0.10272559337455119,7.097410619258881,-255.65999999999997,4.64
455,-223.30000000000004,1100,10,57,0.10221196540767843,7.105130998711837,-255.11599999999999,4.7
456,-241.8,500,5,49,0.10170090558064004,6.861209567712278,-254.71199999999996,4.74
457,-218.79999999999998,1100,10,62,0.10119240105273684,6.923003127498012,-254.16799999999992,4.8
458,-183.5,900,9,62,0.10068643904747315,6.983635648604362,-252.53199999999993,4.89
459,-239.39999999999998,600,6,51,0.10018300685223579,6.809400951161104,-252.59399999999994,4.9
460,-200.09999999999997,1100,10,64,0.0996820918179746,7.26633358746767,-252.6359999999999,4.93
461,-160.1,1500,14,71,0.09918368135888474,7.035994878956969,-252.10099999999994,4.99
462,-245.2,500,5,49,0.09868776295209031,6.690372389190051,-251.59499999999997,5.02
463,-275.4,600,6,44,0.09819432413732986,6.856368194926869,-252.17700000000002,5.02
464,-215.20000000000002,600,6,55,0.09770335251664321,6.823014103282581,-251.56600000000003,5.06
465,-192.9,1100,11,65,0.09721483575406,6.932184021289532,-251.02700000000002,5.15
466,-278.7,100,1,40,0.09672876157528969,6.777203929424286,-250.80100000000002,5.14
467,-193.7,1000,9,60,0.09624511776741324,6.869960832595825,-249.99,5.22
468,-239.09999999999997,500,5,50,0.09576389217857617,7.100262012481689,-250.14699999999996,5.2
469,-179.09999999999997,1000,10,64,0.09528507271768329,6.808572895824909,-250.21799999999996,5.18
470,-258.70000000000005,700,7,51,0.09480864735409487,7.0224245015312645,-249.60399999999998,5.24
471,-149.39999999999998,1400,14,72,0.0943346041173244,7.124033338493771,-248.268,5.34
472,-293.9,600,6,47,0.09386293109673778,7.171048154222205,-248.63199999999998,5.35
473,-227.2,500,5,51,0.09339361644125409,7.033318435444551,-248.52200000000002,5.33
474,-311.20000000000005,700,6,44,0.09292664835904782,7.110044154253873,-248.926,5.33
475,-219.2,500,5,53,0.09246201511725258,7.03008157802078,-247.852,5.34
476,-238.00000000000003,500,5,47,0.09199970504166631,7.152293712534803,-247.78499999999997,5.35
477,-199.90000000000003,700,7,56,0.09153970651645797,6.965765723160335,-246.43,5.41
478,-273.79999999999995,100,1,38,0.09108200798387568,6.870451513089631,-247.06599999999997,5.36
479,-72.80000000000003,3000,27,102,0.0906265979439563,7.288689702164893,-245.03799999999998,5.62
480,-258.4,500,5,46,0.09017346495423652,7.360905398493228,-245.238,5.62
481,-245.4,800,7,54,0.08972259762946533,7.28976790993302,-245.57000000000005,5.63
482,-15.499999999999972,2900,27,107,0.089273984641318,7.253414327853194,-243.08800000000002,5.9
483,-268.5,400,3,44,0.0888276147181114,6.978132811459628,-242.72400000000005,5.93
484,-218.20000000000002,800,8,57,0.08838347664452084,7.101560785059343,-242.68900000000005,5.95
485,-125.39999999999999,1500,15,76,0.08794155926129824,7.2795696007577995,-241.44200000000004,6.03
486,-274.5,900,9,52,0.08750185146499175,7.281632726009075,-241.30400000000006,6.1
487,-210.8,1000,10,60,0.08706434220766679,7.16057452360789,-241.17700000000008,6.14
488,-94.10000000000001,1900,17,82,0.08662902049662846,7.461732154939233,-239.63100000000006,6.27
489,-260.40000000000003,500,5,43,0.08619587539414532,7.374560411586318,-239.3430000000001,6.3
490,-111.59999999999997,1900,19,83,0.08576489601717459,7.294991349599448,-237.7960000000001,6.47
491,-217.39999999999998,1000,10,60,0.08533607153708872,7.325960938135783,-237.7110000000001,6.53
492,-172.1,1200,12,67,0.08490939117940327,6.95629842957454,-236.66100000000006,6.62
493,-147.1,1800,17,80,0.08448484422350626,7.215153896808625,-235.39900000000006,6.77
494,-305.7,900,8,48,0.08406242000238873,7.1415678560733795,-235.85800000000006,6.81
495,-116.39999999999999,1900,18,83,0.08364210790237678,7.330522037414183,-234.39200000000008,6.97
496,-172.1,1100,10,66,0.0832238973628649,7.311317256002715,-233.3990000000001,7.05
497,-293.5,800,7,47,0.08280777787605056,7.360216495838571,-233.40800000000007,7.1
498,-248.1,300,3,45,0.08239373898667031,7.2623756408691404,-232.83800000000002,7.1
499,-61.699999999999974,2500,24,97,0.08198177029173696,7.3522934323733615,-231.34800000000004,7.28
500,-280.90000000000003,500,5,48,0.08157186144027828,7.214583108822505,-231.49700000000004,7.3
501,-173.5,1000,10,63,0.0811640021330769,7.179758669838073,-231.12200000000004,7.3
502,-98.69999999999999,2000,19,86,0.08075818212241151,7.315561239109483,-228.98500000000007,7.47
503,-113.89999999999999,1800,17,82,0.08035439121179945,7.410796281768055,-226.83300000000006,7.62
504,-270.2,500,5,49,0.07995261925574046,7.525965418134417,-227.1440000000001,7.61
505,-199.6,800,8,60,0.07955285615946175,7.46019008954366,-227.08200000000005,7.6
506,-98.79999999999994,2200,21,90,0.07915509187866444,7.411503844790989,-225.28400000000005,7.78
507,-279.6,200,2,42,0.07875931641927113,7.537391401472545,-225.954,7.71
508,4.600000000000065,3200,31,113,0.07836551983717477,7.293001221344534,-222.75100000000006,8.01
509,-219.9,900,8,56,0.07797369223798889,7.204850937638964,-222.31300000000007,8.06
510,-225.29999999999998,1000,9,59,0.07758382377679894,7.3765942767515025,-222.11500000000004,8.11
511,-169.10000000000002,1200,12,67,0.07719590465791494,7.335172119425304,-221.49099999999999,8.2
512,-324.7,300,3,37,0.07680992513462537,7.483371657294196,-222.43,8.16
513,-151.6,2100,19,84,0.07642587550895225,7.328281198229108,-221.718,8.3
514,-112.9,2000,20,86,0.07604374613140748,7.364915332128835,-219.81099999999998,8.48
515,-204.3,900,9,60,0.07566352740075044,7.312939635912577,-219.52999999999997,8.5
516,-242.0,800,8,58,0.07528520976374668,7.490937578267064,-219.359,8.55
517,-125.7,1500,15,73,0.07490878371492794,7.303755204971522,-218.11,8.63
518,-226.3,800,8,57,0.0745342397963533,7.461948294388621,-217.66,8.68
519,-362.2,0,0,28,0.07416156859737154,7.30896668774741,-218.93900000000002,8.61
520,-165.8,1100,11,68,0.07379076075438468,7.447325334829443,-218.609,8.65
521,-223.2,700,7,54,0.07342180695061275,7.465500001554136,-217.99000000000004,8.71
522,-221.1,1100,10,60,0.07305469791585968,7.259424599011739,-217.71100000000007,8.79
523,-256.29999999999995,400,4,46,0.07268942442628039,7.324552587840868,-218.17200000000005,8.75
524,-270.1,500,5,50,0.07232597730414898,7.4215516757965085,-218.01300000000006,8.79
525,-141.2,1700,17,79,0.07196434741762824,7.466245452059975,-216.62900000000008,8.9
526,-136.3,1500,14,73,0.0716045256805401,7.548317380147438,-215.60700000000006,9.01
527,-163.2,1400,13,71,0.0712465030521374,7.60510310320787,-215.15300000000008,9.08
528,-177.5,1300,13,69,0.0708902705368767,7.654862258745276,-214.89400000000006,9.12
529,-139.79999999999998,1900,18,81,0.07053581918419231,7.585695990809688,-214.112,9.24
530,-109.1,2100,19,86,0.07018314008827135,7.4692887705425886,-213.06400000000002,9.35
531,-186.09999999999997,1100,11,64,0.06983222438783,7.375738769769669,-211.495,9.44
532,-251.8,1000,10,57,0.06948306326589085,7.363931229240016,-210.71599999999995,9.53
533,102.79999999999987,4800,46,149,0.0691356479495614,7.564624107924084,-208.60599999999994,9.79
534,-233.39999999999998,900,9,58,0.06878996970981359,7.658494308077056,-208.61699999999996,9.82
535,-126.39999999999999,1600,16,79,0.06844601986126451,7.746256906774979,-207.456,9.96
536,-316.8,600,6,42,0.06810378976195819,7.755678585597447,-208.85499999999996,9.9
537,-167.1,1200,12,69,0.0677632708131484,7.520741317583167,-207.826,9.99
538,-233.0,900,8,56,0.06742445445908266,7.587444356509617,-208.77799999999996,9.91
539,-258.30000000000007,600,6,51,0.06708733218678724,7.443221756056244,-208.78699999999998,9.92
540,-224.00000000000003,600,6,49,0.0667518955258533,7.630944709388578,-208.66799999999995,9.92
541,-101.30000000000004,2300,22,92,0.06641813604822402,7.804275232812633,-207.38299999999992,10.05
542,-256.6,600,6,50,0.0660860453679829,7.636795158386231,-207.0869999999999,10.04
543,-185.8,1300,13,67,0.06575561514114299,7.99331346198694,-206.6749999999999,10.11
544,-249.29999999999995,300,3,45,0.06542683706543727,7.757507673899332,-206.5969999999999,10.11
545,-143.0,1800,17,79,0.06509970288011008,7.803944744641268,-205.51799999999992,10.22
546,-131.29999999999998,1600,16,79,0.06477420436570952,7.7908656506598755,-203.61499999999992,10.35
547,-202.6,1300,12,64,0.06445033334388098,7.781619630753994,-203.1109999999999,10.43
548,-206.2,1300,13,65,0.06412808167716157,7.746547596271221,-202.58999999999992,10.54
549,-141.8,1300,13,70,0.06380744126877576,7.405608994620187,-201.84999999999988,10.6
550,-90.99999999999996,2100,20,88,0.06348840406243188,7.649902598424391,-199.46199999999993,10.77
551,-14.10000000000008,3100,30,112,0.06317096204211972,7.436619179589408,-196.39099999999996,11.04
552,-254.8,600,6,50,0.06285510723190912,7.676934080123901,-196.0459999999999,11.07
553,-208.90000000000003,900,9,59,0.06254083169574957,7.682214235855361,-195.5939999999999,11.09
554,-171.0,1500,14,70,0.062228127537270826,7.575860643386841,-194.7729999999999,11.18
555,-271.8,300,3,42,0.06191698689958447,8.265795684996105,-195.25799999999992,11.11
556,-108.90000000000003,2600,24,96,0.061607401965086545,7.908352628350258,-193.92899999999995,11.3
557,-86.10000000000004,2600,25,94,0.06129936495526111,7.846827882401486,-192.60199999999995,11.45
558,-244.9,400,4,43,0.0609928681304848,7.595610574234364,-193.21599999999995,11.4
559,-176.9,1300,13,65,0.060687903789832374,7.911108838594877,-192.59099999999998,11.47
560,-218.50000000000003,1200,11,59,0.06038446427088321,7.930149207680913,-192.77499999999998,11.48
561,-191.5,1200,12,66,0.06008254194952879,7.848798441164421,-193.08899999999997,11.46
562,-221.3,500,5,50,0.05978212923978115,8.010221128463746,-192.84999999999997,11.46
563,-218.90000000000003,700,7,57,0.05948321859358224,7.734476658335903,-192.28499999999997,11.47
564,-125.9,1900,18,79,0.05918580250061433,7.7161638465108755,-191.39199999999997,11.59
565,-226.2,900,8,57,0.058889873488111255,7.854574128201134,-191.725,11.56
566,-220.2,800,7,55,0.058595424120670696,7.686618536168878,-191.14000000000004,11.62
567,-48.29999999999996,2600,25,101,0.05830244700006734,7.587682568200744,-189.68600000000004,11.78
568,-151.3,1500,14,70,0.058010934765067,7.789076696123396,-188.80800000000002,11.87
569,-230.2,700,7,53,0.05772088009124167,7.789892727473997,-189.31900000000002,11.84
570,-184.2,1000,9,58,0.05743227569078546,7.788552234912741,-188.574,11.86
571,41.20000000000002,3900,37,129,0.05714511431233153,7.749861717224121,-186.668,12.09
572,-232.10000000000002,800,8,51,0.05685938874076987,7.858775578293145,-186.04999999999995,12.11
573,-121.69999999999999,1900,19,85,0.056575091797066025,7.895396395290599,-184.99499999999998,12.25
574,-206.5,1200,12,67,0.056292216338080694,7.812728340946027,-183.94799999999998,12.31
575,-105.10000000000001,1900,19,86,0.05601075525639029,7.809385116710219,-182.80699999999993,12.45
576,-189.3,1500,13,67,0.05573070148010834,7.761553550834086,-182.31999999999988,12.53
577,-28.900000000000077,2700,27,106,0.0554520479727078,7.902957367447187,-180.60999999999993,12.73
578,-186.5,1300,13,67,0.05517478773284426,7.835346954971997,-179.73699999999994,12.85
579,-63.09999999999998,2300,23,92,0.05489891379418004,7.834589014882627,-179.6399999999999,12.81
580,-290.0,300,3,41,0.05462441922520914,7.848609924316406,-179.9559999999999,12.79
581,-235.2,1300,12,62,0.0543512971290831,7.745092245840257,-179.85399999999993,12.84
582,-136.49999999999997,1900,18,81,0.05407954064343768,7.988694844422517,-181.06399999999994,12.75
583,-112.7,2100,19,86,0.05380914294022049,8.202769540077032,-179.50599999999994,12.91
584,-169.2,1400,14,73,0.05354009722551939,8.072913450737522,-179.01599999999996,12.97
585,-82.9,2500,24,98,0.05327239673939179,8.132141166803788,-178.59099999999998,13.06
586,-286.1,200,2,38,0.053006034755694834,7.802638204474198,-178.70699999999994,12.99
587,-138.89999999999998,1600,16,79,0.052741004581916356,7.938348824464822,-177.988,13.05
588,-90.59999999999998,2700,25,96,0.052477299559006776,8.094740092754364,-177.953,13.13
589,-201.8,1200,12,64,0.052214913061211746,7.944007523357868,-177.36699999999996,13.2
590,-114.19999999999999,2600,23,92,0.05195383849590569,7.868763638579327,-177.39299999999994,13.24
591,30.699999999999974,3600,35,124,0.05169406930342616,7.923401278834189,-174.91199999999998,13.49
592,-143.9,1700,16,78,0.05143559895690903,7.860155454048743,-174.62999999999997,13.53
593,3.1999999999999886,3300,32,111,0.051178420962124486,7.968586058230014,-173.12699999999998,13.68
594,-232.89999999999998,900,9,57,0.05092252885731386,8.026843907540304,-172.399,13.69
595,-112.20000000000002,2100,21,88,0.05066791621302729,8.06066609512676,-172.357,13.72
596,-50.99999999999998,2500,23,97,0.05041457663196215,8.029517965218455,-171.14600000000002,13.85
597,-203.0,1300,10,60,0.050162503748802344,8.04075355529785,-170.241,13.88
598,-63.79999999999992,2000,20,89,0.05,8.067608260036854,-168.398,14.05
599,-159.8,1600,14,71,0.05,7.9748007814649124,-169.379,13.95
600,-142.8,1700,15,74,0.05,7.937089462538023,-167.998,14.05
601,-142.7,1800,16,79,0.05,7.971262925787817,-167.69,14.11
602,-70.10000000000001,2100,21,89,0.05,7.861179635765847,-167.40399999999997,14.13
603,-158.8,1300,12,67,0.05,7.980545300156323,-167.85299999999998,14.08
604,-197.6,1200,11,65,0.05,7.776431193718543,-167.12699999999998,14.14
605,-296.70000000000005,300,2,39,0.05,7.714715493031037,-168.09799999999998,14.08
606,-179.7,1100,11,64,0.05,7.741419814527035,-168.907,13.98
607,-77.10000000000005,2300,23,96,0.05,7.925022279222806,-166.88199999999998,14.19
608,-300.7,200,2,38,0.05,7.6831231242732,-169.935,13.9
609,-85.69999999999999,2600,24,95,0.05,8.064003798836156,-168.593,14.06
610,-53.39999999999997,2700,26,103,0.05,7.970453984529069,-166.87400000000005,14.23
611,-13.699999999999974,3000,29,111,0.05,7.799692626471992,-165.32000000000005,14.4
612,-174.0,1700,16,73,0.05,8.042791066104419,-163.81300000000005,14.53
613,56.300000000000054,3700,36,128,0.05,7.845238920301199,-161.73400000000007,14.7
614,-67.90000000000009,2600,23,94,0.05,7.813502545052386,-161.28400000000005,14.73
615,-289.2,1000,8,48,0.05,7.762598544359207,-162.13300000000007,14.72
616,-50.50000000000003,2600,24,99,0.05,8.052713018475156,-160.21800000000005,14.88
617,-92.79999999999995,2500,22,93,0.05,7.874583531451481,-159.88900000000004,14.95
618,18.0,3600,34,123,0.05,7.699956843523475,-157.44600000000005,15.21
619,-68.30000000000001,2800,27,102,0.05,7.850412625892489,-154.50700000000003,15.48
620,-81.9,2500,25,99,0.05,7.892842037509186,-153.66800000000003,15.62
621,-157.39999999999998,1500,15,73,0.05,7.962856279660578,-153.01000000000002,15.7
622,-246.09999999999997,900,9,54,0.05,7.9930558911076295,-153.26000000000005,15.69
623,-187.29999999999998,900,9,62,0.05,7.943852386166973,-152.57000000000002,15.74
624,-172.90000000000003,1300,13,68,0.05,8.055072945706984,-151.598,15.82
625,-172.5,1800,17,75,0.05,8.087847785949707,-151.911,15.82
626,-135.3,1600,16,80,0.05,8.07978977560997,-151.90099999999998,15.84
627,-183.9,1400,14,69,0.05,7.86069044859513,-152.10799999999998,15.85
628,-116.39999999999998,2300,20,85,0.05,7.948916154749253,-151.49699999999999,15.92
629,45.60000000000008,3300,31,118,0.05,8.001761618307082,-149.643,16.05
630,-133.2,2100,19,82,0.05,8.004229551408349,-149.884,16.05
631,-25.599999999999923,2900,27,108,0.05,8.080398639043173,-148.279,16.21
632,-215.1,900,9,59,0.05,8.119679200447212,-147.912,16.2
633,-229.5,1000,9,57,0.05,7.800848082492226,-151.235,15.83
634,-10.80000000000014,3100,29,110,0.05,8.198325738039884,-149.009,16.03
635,-49.80000000000006,3400,33,117,0.05,7.9908719144315805,-148.24299999999997,16.2
636,180.69999999999987,5100,49,162,0.05,8.034657916904967,-143.26799999999997,16.63
637,-5.30000000000004,3500,34,121,0.05,7.948766688670009,-141.64999999999998,16.85
638,-171.7,1300,13,71,0.05,7.961852805715211,-141.03699999999998,16.9
639,39.3000000000001,4100,38,132,0.05,8.037633484060114,-138.06099999999998,17.22
640,-217.1,700,7,56,0.05,7.9371048637798856,-137.99199999999996,17.23
641,-29.300000000000026,3200,31,114,0.05,7.939167901089317,-137.272,17.32
642,-211.7,1000,8,59,0.05,7.933207334098169,-136.823,17.34
643,-253.70000000000005,700,7,52,0.05,7.872235059738159,-137.50199999999998,17.28
644,-317.8,100,1,36,0.05,7.81515630086263,-138.18699999999998,17.26
645,-59.09999999999996,2900,27,103,0.05,7.884115149673907,-137.348,17.36
646,-89.69999999999996,2400,21,91,0.05,7.8351656421200255,-136.93200000000002,17.41
647,-252.29999999999998,600,5,50,0.05,7.811566114425659,-137.429,17.34
648,178.09999999999982,5500,50,165,0.05,7.936022096691709,-133.586,17.71
649,20.90000000000002,3700,37,127,0.05,7.836577539368878,-131.959,17.95
650,-55.79999999999997,2700,24,102,0.05,7.680937224743413,-131.607,17.99
651,-15.799999999999926,3400,31,115,0.05,7.844288544032885,-131.624,18.0
652,45.80000000000001,3300,33,123,0.05,7.849954903610354,-128.618,18.27
653,-143.20000000000002,1900,17,78,0.05,7.789687596834623,-127.96099999999998,18.35
654,11.89999999999992,3200,30,114,0.05,7.87551642719068,-126.13199999999999,18.51
655,-84.59999999999998,2800,25,100,0.05,7.926371626853943,-124.25999999999998,18.73
656,-96.39999999999996,2200,22,93,0.05,7.802273488813831,-124.13499999999998,18.71
657,-98.89999999999999,2100,20,89,0.05,7.665477350856481,-124.26299999999996,18.66
658,-84.69999999999999,2100,20,88,0.05,7.797568082809448,-122.66099999999997,18.82
659,-88.7,2200,22,94,0.05,7.815581149243294,-121.77899999999998,18.91
660,-133.7,1800,18,83,0.05,7.758492194026349,-120.931,18.98
661,24.49999999999997,3300,32,120,0.05,7.718339769045512,-118.77099999999999,19.18
662,-131.4,2200,21,84,0.05,7.73290170942034,-117.87199999999999,19.34
663,319.0,6800,65,196,0.05,7.645827483157722,-112.493,19.92
664,-5.700000000000003,3600,34,124,0.05,7.638732664046749,-111.291,20.08
665,-121.10000000000001,1800,18,84,0.05,7.634899519738697,-110.24000000000002,20.18
666,109.3,4100,41,143,0.05,7.907815403037971,-106.94500000000004,20.52
667,-190.60000000000002,1700,16,73,0.05,7.914582409270822,-108.36800000000005,20.43
668,-124.3,1700,17,80,0.05,7.890404915809631,-108.09800000000001,20.46
669,-233.89999999999995,700,7,55,0.05,8.113980640064586,-108.13500000000002,20.46
670,198.89999999999992,5500,52,169,0.05,7.997824632204496,-104.30400000000003,20.89
671,-7.099999999999994,2700,26,107,0.05,7.68229291149389,-104.78700000000002,20.78
672,-144.5,1400,13,73,0.05,7.715828941292958,-103.91100000000004,20.83
673,14.999999999999972,3700,33,120,0.05,7.836159034570058,-102.54400000000004,20.97
674,-45.800000000000004,2800,25,103,0.05,7.701952267619013,-100.93700000000003,21.1
675,-251.09999999999997,500,5,50,0.05,7.544503631591797,-102.39700000000002,20.96
676,-4.20000000000006,3100,29,110,0.05,7.555513455651023,-100.54600000000003,21.12
677,-133.69999999999996,1900,19,83,0.05,7.586337767451642,-101.59400000000005,21.04
678,-46.899999999999984,2700,27,106,0.05,7.817907468327936,-100.19800000000005,21.18
679,-128.1,1700,17,80,0.05,7.49472942352295,-100.84800000000004,21.12
680,-129.79999999999998,1400,14,75,0.05,7.8836605262756345,-99.24600000000004,21.23
681,-195.3,1100,11,65,0.05,7.974849253434401,-98.84700000000004,21.22
682,-228.89999999999998,800,8,56,0.05,7.558520019054413,-99.77100000000004,21.12
683,-43.20000000000003,2700,25,101,0.05,7.907768924637597,-99.07600000000002,21.18
684,-118.89999999999999,2200,22,88,0.05,7.920778903094205,-98.573,21.26
685,14.899999999999935,3800,35,123,0.05,7.975116489379387,-97.595,21.37
686,5.0999999999999375,3100,30,115,0.05,8.026156806945801,-94.683,21.65
687,234.89999999999986,6100,55,179,0.05,7.959436099622502,-90.94500000000002,22.04
688,-39.10000000000008,3300,28,103,0.05,7.801789584669095,-90.43000000000002,22.07
689,-158.60000000000002,1800,16,74,0.05,7.742958796990885,-89.998,22.11
690,-78.69999999999997,2700,26,98,0.05,7.715024510208441,-89.64300000000001,22.14
691,-53.00000000000003,2700,27,105,0.05,7.754510983966646,-90.48000000000002,22.06
692,-146.7,1300,13,71,0.05,7.973873292896109,-90.50800000000002,22.03
693,-22.300000000000054,3000,27,107,0.05,7.95202503471731,-90.76300000000003,21.98
694,10.900000000000006,3000,29,113,0.05,7.950300739929739,-88.32500000000003,22.18
695,332.2000000000001,6800,63,194,0.05,7.8626611183599096,-83.88100000000004,22.6
696,-266.9,900,8,51,0.05,7.737681510401707,-86.04000000000003,22.45
697,286.00000000000006,6400,62,192,0.05,7.768819086253643,-81.15000000000008,22.97
698,-137.7,1800,17,81,0.05,7.6515207408386985,-81.88900000000007,22.94
699,8.299999999999983,3200,29,114,0.05,7.878236293792725,-80.20800000000004,23.09
700,216.9,5800,52,171,0.05,7.962347970371358,-76.61100000000003,23.46
701,238.90000000000003,6000,53,174,0.05,8.16731945125536,-72.79500000000004,23.83
702,-61.20000000000003,2200,20,92,0.05,8.12102472782135,-72.70600000000003,23.82
703,24.99999999999997,4000,35,126,0.05,8.138951880591256,-70.86800000000002,24.05
704,-15.700000000000017,3100,30,111,0.05,8.110509713490805,-69.04900000000004,24.24
705,35.2000000000001,3700,34,123,0.05,8.1818698596179,-65.73000000000003,24.56
706,226.70000000000027,5800,55,178,0.05,8.093822535504117,-61.666000000000025,25.0
707,282.6999999999998,6600,60,190,0.05,8.074907721971211,-58.06800000000002,25.37
708,169.50000000000003,5000,50,165,0.05,8.486199985850941,-53.36599999999999,25.85
709,-225.3,700,7,51,0.05,8.552944360994825,-54.76200000000001,25.68
710,12.099999999999923,3800,33,121,0.05,8.480502372930857,-54.107000000000006,25.75
711,234.0000000000002,6500,59,183,0.05,8.330297662912171,-51.63,26.05
712,87.60000000000022,4800,43,142,0.05,8.421093185183029,-49.013999999999996,26.32
713,16.89999999999999,3300,28,109,0.05,8.55266068397312,-49.407999999999994,26.24
714,-12.899999999999935,3200,29,110,0.05,8.29654160412875,-48.85799999999999,26.3
715,-75.59999999999997,2400,23,96,0.05,8.378129959106445,-46.72200000000001,26.45
716,68.6,3700,35,128,0.05,8.297927133738995,-45.530999999999985,26.56
717,456.00000000000006,8600,77,235,0.05,8.325950916777266,-40.04299999999999,27.11
718,-74.60000000000001,2200,21,92,0.05,8.330404431923576,-40.968999999999994,26.98
719,46.19999999999993,3800,31,118,0.05,8.37556986081398,-39.823999999999984,27.02
720,320.69999999999993,6500,63,198,0.05,8.460472403150616,-35.79799999999999,27.4
721,67.70000000000003,4000,36,129,0.05,8.323560230491697,-33.547,27.61
722,304.30000000000007,6500,58,186,0.05,8.368705570056875,-28.04299999999999,28.1
723,248.7,7000,61,189,0.05,8.355597445573757,-23.683000000000003,28.62
724,190.49999999999986,5800,50,166,0.05,8.367319468992303,-20.049000000000007,28.99
725,14.400000000000063,3200,30,115,0.05,8.443855517843495,-18.18,29.12
726,-5.500000000000043,2900,27,109,0.05,8.411716111209415,-16.88199999999999,29.23
727,358.2999999999997,8000,66,205,0.05,8.328373839215535,-11.459999999999981,29.75
728,87.29999999999981,4700,44,145,0.05,8.298935035179401,-9.422999999999996,29.99
729,8.000000000000043,3000,29,113,0.05,8.540733126412452,-9.799,29.97
730,109.70000000000002,4200,40,140,0.05,8.356515339442662,-7.369999999999992,30.18
731,41.60000000000004,5000,48,148,0.05,8.387399708902514,-6.697999999999988,30.39
732,204.7000000000003,5600,48,160,0.05,8.375874903798103,-2.499999999999995,30.78
733,65.00000000000003,3400,33,125,0.05,8.36761692047119,0.4450000000000063,31.02
734,-33.400000000000006,2400,22,98,0.05,8.326540251167453,0.21900000000000858,30.95
735,-89.40000000000003,2500,22,93,0.05,8.641109563971078,-0.17699999999998994,30.84
736,841.1999999999998,13700,120,340,0.05,8.519006126067218,6.42800000000001,31.55
737,244.2,7200,59,184,0.05,8.654329211815543,8.92300000000001,31.8
738,87.79999999999995,3900,37,134,0.05,8.573337843169027,11.518000000000008,32.04
739,-135.3,2500,23,91,0.05,8.295395369058127,9.772000000000007,31.89
740,280.19999999999993,6300,61,188,0.05,8.55550266326742,14.745,32.43
741,-57.20000000000001,2700,25,98,0.05,8.272303498521143,14.466000000000001,32.37
742,210.5,5600,51,169,0.05,8.30133611916085,18.688000000000013,32.8
743,251.89999999999984,5900,57,186,0.05,8.487956234203871,23.744000000000007,33.3
744,70.39999999999993,4100,35,128,0.05,8.304980006068945,27.626000000000012,33.64
745,188.99999999999991,5800,51,168,0.05,8.608906981490907,30.107000000000014,33.88
746,-55.899999999999935,3900,33,113,0.05,8.620761829139912,30.445,34.0
747,555.6000000000003,9900,87,259,0.05,8.545600163890589,38.52400000000001,34.82
748,263.60000000000014,6100,56,181,0.05,8.919024512254072,39.37900000000001,34.88
749,20.799999999999955,4600,40,131,0.05,8.939922001525646,39.378000000000014,34.91
750,-172.8,800,7,58,0.05,8.907627155040872,38.20800000000001,34.74
751,226.80000000000007,5400,53,175,0.05,8.930015425000873,40.634000000000015,34.96
752,475.50000000000045,8400,79,238,0.05,8.605021476745605,44.93100000000002,35.42
753,256.30000000000007,5700,53,175,0.05,8.572118543897357,48.926000000000016,35.78
754,81.79999999999994,3600,34,124,0.05,8.757273904738888,49.62500000000002,35.82
755,12.699999999999989,3800,34,122,0.05,8.63561873357804,50.59800000000002,35.91
756,959.8000000000002,14900,129,365,0.05,8.761937697946209,61.16,36.98
757,39.79999999999997,3800,36,129,0.05,8.74662286921065,62.54700000000002,37.14
758,251.9999999999999,5900,53,176,0.05,8.761911048130555,65.914,37.47
759,470.5000000000004,8500,77,234,0.05,8.599784573938093,71.50600000000001,38.02
760,784.2999999999996,12600,114,327,0.05,8.526269218608144,80.68599999999999,38.98
761,105.10000000000001,4100,39,140,0.05,8.575283983775547,81.492,39.05
762,198.80000000000007,4800,47,160,0.05,8.556886795163155,84.79399999999998,39.31
763,326.10000000000014,7000,60,192,0.05,8.433533738056818,84.86500000000002,39.26
764,168.50000000000009,4900,46,157,0.05,8.481415593700044,86.60700000000001,39.38
765,704.5999999999999,12100,105,305,0.05,8.813127569292412,94.86400000000002,40.25
766,-278.8,900,8,50,0.05,8.70888536453247,90.98300000000003,39.92
767,176.6,4900,45,155,0.05,8.79021610136955,94.65500000000002,40.21
768,-72.69999999999999,2000,19,90,0.05,8.786941475338406,95.171,40.23
769,198.00000000000023,4900,49,164,0.05,8.641695432546662,99.49000000000002,40.65
770,250.59999999999994,5700,48,164,0.05,8.583895601877352,100.00700000000002,40.61
771,515.9000000000002,9300,84,252,0.05,8.83281443800245,105.23700000000002,41.19
772,-233.89999999999998,600,6,53,0.05,8.775741262255975,104.34300000000003,41.12
773,-43.099999999999994,2500,23,99,0.05,8.449282251223169,103.76200000000003,41.02
774,50.200000000000045,3500,33,124,0.05,8.631226016629126,104.72200000000002,41.1
775,505.9000000000003,9700,83,248,0.05,8.65246880246747,112.292,41.88
776,13.499999999999943,2900,28,112,0.05,8.87331519808088,112.46900000000001,41.87
777,-49.89999999999996,2600,23,99,0.05,8.634067939989494,113.30700000000003,41.91
778,105.49999999999996,4200,40,141,0.05,8.764671900593642,114.83100000000002,42.04
779,35.400000000000034,3300,31,120,0.05,8.777944036324818,116.46600000000002,42.18
780,28.80000000000001,3400,32,122,0.05,8.618610862825738,118.052,42.36
781,402.0999999999999,7300,69,214,0.05,8.739754953117014,124.02600000000002,42.94
782,964.6000000000004,15100,132,373,0.05,8.721397964947984,135.961,44.18
783,349.50000000000006,7200,65,205,0.05,8.812617876471542,139.888,44.58
784,2.4000000000000057,3100,30,112,0.05,8.922994464635849,141.101,44.66
785,-70.0,2000,19,89,0.05,8.856860514437214,140.25199999999998,44.5
786,293.0999999999999,6600,58,186,0.05,8.783555912715132,143.132,44.78
787,1149.6999999999998,17100,145,403,0.05,8.939927439535818,152.28000000000003,45.68
788,1062.4999999999986,15100,142,396,0.05,8.92650758015989,163.29599999999996,46.82
789,485.70000000000016,8600,78,237,0.05,9.044533079686547,169.739,47.44
790,609.9000000000007,10100,93,275,0.05,9.037144827409223,176.62500000000003,48.11
791,899.3000000000005,13600,116,332,0.05,9.019188853631537,186.14800000000002,49.0
792,449.5999999999998,8200,75,228,0.05,8.807413057277078,192.111,49.62
793,304.7999999999998,6900,62,197,0.05,8.687977304313389,195.382,49.97
794,39.90000000000005,3700,30,117,0.05,8.521071894556028,195.672,49.98
795,140.80000000000007,4600,40,141,0.05,8.46629535729158,193.75799999999998,49.75
796,968.4999999999999,14000,130,367,0.05,8.565528595480023,206.112,50.97
797,47.500000000000014,3300,32,122,0.05,8.747244807540394,203.727,50.67
798,497.5,8800,80,242,0.05,8.437679864158316,210.079,51.3
799,-26.89999999999999,3300,26,103,0.05,8.422910389390964,209.72699999999998,51.27
800,2605.3,34300,312,822,0.05,8.604896930012389,233.61099999999996,53.87
801,1780.2000000000005,25800,216,583,0.05,8.27028216056104,249.02399999999997,55.5
802,201.20000000000007,5100,47,160,0.05,8.164644587039948,251.648,55.77
803,153.60000000000005,4300,41,146,0.05,8.270469557749083,252.93399999999997,55.83
804,361.4000000000001,6900,65,205,0.05,8.313278628558647,256.705,56.18
805,1935.1,25500,217,586,0.05,8.430257242287386,275.70399999999995,58.01
806,115.59999999999995,3900,32,122,0.05,8.40920596826272,274.59299999999996,57.78
807,542.6999999999999,9400,85,256,0.05,8.381721643730998,277.193,58.03
808,566.5000000000005,10800,89,264,0.05,8.440776405912457,281.16299999999995,58.42
809,425.50000000000017,8000,72,222,0.05,8.358371683069178,287.67099999999994,59.07
810,163.6000000000003,5900,51,165,0.05,7.9857007691354465,289.1859999999999,59.25
811,784.4,12400,108,313,0.05,8.059250097305249,294.68999999999994,59.74
812,-176.0,2100,17,71,0.05,8.203710535882225,292.0539999999999,59.48
813,735.2999999999997,11900,106,309,0.05,8.05203542277265,299.23799999999994,60.26
814,652.5000000000005,11500,97,284,0.05,8.455064177513123,305.89199999999994,60.94
815,536.3999999999997,9900,85,254,0.05,8.30288408497187,312.01199999999994,61.56
816,282.20000000000005,6600,55,174,0.05,8.465538646983005,314.14799999999997,61.76
817,835.9999999999999,13000,116,332,0.05,8.220241344118692,317.948,62.15
818,1563.7999999999981,21500,187,510,0.05,8.360652376623715,334.332,63.81
819,-209.79999999999995,600,6,54,0.05,8.315473009038854,331.772,63.56
820,1287.4000000000003,20000,166,456,0.05,8.298706099652408,341.43899999999996,64.59
821,1565.6000000000006,22600,193,526,0.05,8.17371736098605,356.41799999999995,66.16
822,-316.4,700,5,39,0.05,8.246894298455654,350.211,65.63
823,1651.1999999999991,24100,201,545,0.05,8.112254951197073,364.23599999999993,67.03
824,1507.2000000000005,22100,185,505,0.05,8.224321995159187,377.40299999999996,68.38
825,745.1999999999992,12100,104,303,0.05,7.998810159097804,384.7109999999999,69.12
826,1364.9999999999995,20600,161,442,0.05,8.387613639572628,398.41599999999994,70.46
827,615.9000000000005,11500,95,276,0.05,8.421064592789913,400.9919999999999,70.75
828,717.1999999999991,12600,105,305,0.05,8.160120748301022,407.2909999999998,71.36
829,426.10000000000025,8100,66,208,0.05,8.243890230472271,411.4719999999998,71.73
830,156.20000000000013,4800,42,147,0.05,8.373165338217806,411.93699999999984,71.75
831,184.59999999999985,5200,46,155,0.05,8.241627327088386,413.36699999999985,71.73
832,665.3999999999996,10700,92,273,0.05,8.06127205873147,417.9739999999999,72.17
833,1147.6000000000004,16600,144,401,0.05,8.105851414792259,428.79999999999984,73.28
834,401.00000000000034,8500,70,214,0.05,7.960805043995937,433.1439999999999,73.76
835,1481.5999999999997,22200,187,510,0.05,8.214155240152396,448.8539999999998,75.41
836,324.29999999999984,7200,61,194,0.05,8.468088720262665,443.68499999999983,74.82
837,848.3000000000005,13900,114,325,0.05,8.248109698662391,449.7259999999999,75.37
838,-286.80000000000007,2000,16,58,0.05,8.202422659972619,445.9799999999999,75.16
839,1199.4999999999984,19100,156,433,0.05,8.351306704946259,459.32799999999986,76.49
840,960.9999999999994,15400,128,354,0.05,8.146217825722559,466.1359999999999,77.16
841,1327.0999999999995,19800,163,450,0.05,7.933775047726101,479.97899999999987,78.54
842,350.1000000000003,7400,64,203,0.05,8.011962867135486,481.37499999999994,78.67
843,249.70000000000022,6600,54,174,0.05,8.023290825986313,481.3529999999999,78.64
844,1236.5999999999995,18300,150,417,0.05,8.331654508622716,493.0149999999999,79.79
845,1878.1999999999991,27200,218,585,0.05,7.533452181530814,509.9069999999998,81.46
846,2689.0999999999976,37500,306,807,0.05,7.7979787013492325,537.3569999999999,84.19
847,327.0999999999998,6600,60,191,0.05,7.75058823231003,535.0719999999998,83.92
848,85.5,3800,34,127,0.05,7.483917577998844,533.2909999999998,83.7
849,182.7000000000001,5400,45,154,0.05,7.406095839166022,534.9099999999999,83.75
850,798.2000000000005,13000,112,321,0.05,7.585778983582589,544.6199999999998,84.8
851,728.0999999999999,13100,107,310,0.05,7.747840701380084,549.6329999999998,85.34
852,700.6,11500,100,293,0.05,7.909045546534932,551.8839999999998,85.55
853,816.4999999999993,12800,112,321,0.05,7.959819575336492,557.4859999999998,86.14
854,129.1000000000002,5700,47,153,0.05,7.9525112388959895,557.9589999999997,86.27
855,933.1999999999998,14900,119,339,0.05,7.787287682558583,567.1639999999998,87.12
856,610.1000000000004,11600,95,276,0.05,7.879789813705113,563.6669999999997,86.78
857,188.7000000000001,5800,51,170,0.05,7.752868798199822,565.1559999999997,86.93
858,2904.199999999998,40300,313,824,0.05,7.826858809850748,591.6779999999997,89.53
859,97.59999999999998,4600,39,138,0.05,7.703382436779962,587.9489999999996,89.15
860,729.3999999999999,12800,103,300,0.05,7.621804615656535,587.3999999999996,89.04
861,275.7,6400,48,161,0.05,7.558985248115492,589.1059999999997,89.13
862,630.5999999999997,10800,89,266,0.05,7.539155675056286,593.4239999999995,89.55
863,2806.5000000000005,38700,325,856,0.05,7.373498196356764,618.2279999999996,92.2
864,67.09999999999997,4100,33,126,0.05,7.065828395268274,617.2139999999996,92.07
865,-46.399999999999984,2700,22,95,0.05,7.193114908117997,609.7039999999996,91.24
866,416.19999999999993,8800,68,213,0.05,7.192514802368594,616.6539999999995,91.84
867,1379.5,19700,167,460,0.05,7.2328861537187,628.6829999999995,93.06
868,380.99999999999983,8700,69,210,0.05,7.404199872698102,633.2199999999996,93.56
869,326.1,7300,61,194,0.05,7.5442278163949235,634.5009999999996,93.68
870,164.19999999999993,5000,43,149,0.05,7.326556445768215,633.6369999999995,93.63
871,217.09999999999988,6000,50,167,0.05,7.617484049882718,630.6489999999995,93.29
872,396.8,8200,67,210,0.05,7.38206992830549,636.9559999999997,93.9
873,816.0999999999993,13300,112,323,0.05,7.513701091978941,645.5479999999995,94.79
874,489.9000000000001,9100,78,237,0.05,7.493492792427288,649.9449999999996,95.24
875,338.0999999999999,6900,58,186,0.05,7.628705324665193,648.2669999999996,94.99
876,2098.099999999998,30500,248,662,0.05,7.681476978376913,669.1129999999996,97.19
877,1582.8999999999994,23200,189,514,0.05,7.457817428306846,685.4409999999995,98.85
878,1681.5999999999983,24300,200,540,0.05,7.4481812530093725,701.2019999999994,100.45
879,1404.0999999999992,20500,172,471,0.05,7.226218717619618,714.8889999999996,101.86
880,1092.799999999999,18800,147,410,0.05,6.948994124807963,725.5289999999995,103.01
881,1170.6999999999991,16700,137,386,0.05,6.881141588477891,733.2149999999995,103.69
882,235.10000000000016,6600,54,177,0.05,7.070490430303886,725.9199999999996,102.91
883,355.5999999999999,7300,62,198,0.05,7.01565066010061,725.9809999999997,102.88
884,259.7000000000001,6200,47,160,0.05,6.851679331064224,728.5539999999996,103.05
885,960.1,14100,117,332,0.05,6.691977222281766,738.8549999999997,104.03
886,257.70000000000005,6800,54,176,0.05,6.746587737040087,738.5009999999996,103.99
887,502.7999999999994,10400,82,248,0.05,6.819049633318378,732.0319999999997,103.36
888,208.0,5800,51,167,0.05,6.859789762668267,723.4869999999996,102.45
889,908.5000000000003,15300,123,350,0.05,6.7867498779296875,727.7149999999997,102.9
890,506.50000000000034,9300,79,239,0.05,6.7014196667212325,726.6809999999996,102.76
891,1239.4000000000003,19200,159,440,0.05,6.622575521469116,730.0819999999995,103.19
892,23.59999999999995,3300,28,111,0.05,6.86838436126709,725.8219999999997,102.72
893,636.4,11000,93,275,0.05,6.723468783985485,729.1379999999996,103.03
894,16.099999999999994,3400,29,114,0.05,6.676719966687654,728.8999999999995,103.02
895,50.59999999999998,4100,33,124,0.05,6.921151003529949,727.9979999999997,102.95
896,545.5999999999997,9600,75,231,0.05,6.679262095199519,723.7689999999998,102.4
897,592.5000000000008,11800,93,264,0.05,6.788129461534096,729.2189999999998,103.01
898,-118.59999999999994,3100,26,97,0.05,6.709422632591012,723.0579999999995,102.47
899,2203.7000000000007,31300,258,687,0.05,6.893404894000057,745.3639999999995,104.79
900,688.6999999999999,11500,97,285,0.05,6.573053370024029,726.1979999999993,102.64
901,546.1000000000005,10200,87,259,0.05,6.707609211616075,713.8569999999994,101.35
902,2758.600000000002,38700,314,826,0.05,6.771440016444024,739.4309999999995,104.02
903,-126.10000000000001,2700,21,88,0.05,6.784508813511241,736.6339999999993,103.82
904,362.2000000000003,7300,59,189,0.05,6.772765497681956,736.6419999999994,103.76
905,3310.8999999999933,45900,374,977,0.05,6.844472660134978,750.3999999999994,105.33
906,1717.499999999999,24500,204,554,0.05,6.8625744783491,766.4189999999994,107.05
907,0.899999999999963,3900,32,115,0.05,6.939753967782726,761.0009999999993,106.52
908,1425.8000000000002,20700,168,463,0.05,6.866381294011555,769.5939999999994,107.31
909,557.1000000000003,9500,84,251,0.05,6.71011863951664,770.9099999999994,107.43
910,915.7000000000004,14600,122,348,0.05,6.904142922368543,778.4309999999994,108.14
911,91.10000000000008,4100,36,132,0.05,7.059179750355807,771.4979999999995,107.42
912,1628.6999999999998,24500,203,547,0.05,7.1591118371464875,789.5449999999994,109.28
913,3090.6999999999975,41700,355,930,0.05,6.963278523568184,813.0989999999995,111.77
914,1903.9999999999977,26700,208,560,0.05,6.989042001111167,825.6139999999994,112.88
915,1189.2000000000014,18300,148,413,0.05,6.781076089521875,832.1419999999994,113.51
916,510.90000000000003,9600,78,235,0.05,6.945296206372849,834.4289999999994,113.74
917,1929.299999999997,28600,234,627,0.05,6.966822631811601,845.3619999999994,114.92
918,89.6,4000,34,127,0.05,6.965656821183332,830.6199999999993,113.39
919,117.20000000000009,4300,39,140,0.05,7.026344881738935,833.8899999999994,113.72
920,714.8000000000001,12900,104,302,0.05,6.966171114649994,828.1639999999993,113.1
921,1028.2999999999988,16000,133,372,0.05,6.858572531771916,822.7909999999995,112.5
922,840.5999999999998,14400,115,323,0.05,6.917534726322989,834.3609999999994,113.6
923,-99.7,1800,16,82,0.05,7.0344909284172985,816.8519999999995,111.75
924,2569.7,33900,279,741,0.05,7.069351311476447,827.4769999999996,112.69
925,-373.3,100,1,27,0.05,7.232962255124693,816.2919999999997,111.66
926,145.0,4700,40,143,0.05,7.068894499665373,804.0919999999995,110.45
927,3567.4999999999986,48700,400,1043,0.05,6.871093549755824,833.6079999999996,113.5
928,1692.7999999999984,25600,211,568,0.05,6.9548107276500115,843.3639999999995,114.56
929,883.1999999999994,14200,122,348,0.05,7.170394975563576,847.9349999999994,115.12
930,277.3000000000003,7100,56,181,0.05,7.260608053997736,849.1459999999995,115.26
931,822.8999999999996,13300,112,323,0.05,7.255134269549012,855.5289999999995,115.92
932,1159.8000000000004,17100,149,414,0.05,7.241920231621046,860.4729999999995,116.49
933,2884.5999999999995,39000,325,856,0.05,7.0673308199811204,877.8429999999996,118.3
934,462.70000000000005,8300,70,216,0.05,7.2487817539109125,878.4599999999996,118.3
935,-164.0,1600,14,72,0.05,7.0545812712775335,862.0039999999995,116.57
936,1953.2999999999993,27500,233,623,0.05,7.16312412963059,878.2939999999995,118.29
937,907.4999999999998,14500,120,343,0.05,7.036516252134006,878.8859999999996,118.35
938,2323.500000000002,33500,272,722,0.05,7.549025958264633,904.9889999999995,120.91
939,2370.4999999999973,32000,261,695,0.05,7.349754736920913,916.6989999999998,121.96
940,1309.5999999999983,19300,162,447,0.05,7.0831355963244,920.1849999999997,122.3
941,-163.09999999999997,1600,14,72,0.05,7.193925148910946,905.2829999999994,120.81
942,781.6000000000004,12800,104,302,0.05,7.339303419289999,909.5979999999996,121.21
943,3442.4000000000005,46500,382,995,0.05,7.293624956044719,941.5249999999995,124.49
944,2608.9000000000055,35500,294,777,0.05,7.225419817130384,955.2479999999996,125.93
945,1127.7000000000007,17700,148,412,0.05,7.235755274596723,947.7429999999996,125.23
946,168.39999999999998,5100,45,154,0.05,7.240819760731289,922.5359999999995,122.62
947,393.40000000000015,7900,69,214,0.05,7.3808204927177075,923.1989999999995,122.71
948,466.30000000000007,8700,75,230,0.05,7.298457307400911,927.0069999999995,123.12
949,3017.6999999999985,41800,342,892,0.05,7.198428664506818,955.3569999999995,126.09
950,1047.7000000000003,16200,139,389,0.05,7.259000393296269,957.8519999999994,126.36
951,221.9000000000001,5800,49,164,0.05,7.371727309575895,952.7899999999994,125.78
952,199.30000000000007,5600,49,161,0.05,6.945718169952771,947.7769999999994,125.27
953,1184.8000000000004,18400,147,408,0.05,7.2607705394426985,951.4599999999995,125.62
954,-4.40000000000002,3200,25,99,0.05,7.030456359940346,950.1249999999995,125.4
955,334.6000000000001,7200,65,206,0.05,7.105427730430677,944.1389999999996,124.86
956,633.8999999999996,11200,94,277,0.05,7.0499747427792325,944.3769999999995,124.85
957,732.0999999999998,12200,100,293,0.05,7.1377708692192625,949.8109999999996,125.34
958,706.1999999999998,12200,101,292,0.05,7.157701861368467,927.8309999999997,123.22
959,2176.0000000000005,31100,260,692,0.05,7.148780584335327,948.6149999999996,125.43
960,2027.4,29300,243,650,0.05,7.047636808248667,961.5949999999996,126.83
961,365.9000000000002,7500,64,203,0.05,6.894640527922531,962.4969999999995,126.99
962,232.69999999999993,6000,53,174,0.05,6.872571218972919,958.5179999999995,126.63
963,525.4999999999995,9700,72,220,0.05,7.127663911472667,935.7079999999994,124.1
964,2034.2999999999993,28900,236,632,0.05,7.0707214436953585,955.3799999999994,126.13
965,740.3000000000004,12800,103,299,0.05,6.974550961650734,963.2469999999995,126.94
966,2457.1999999999985,34500,289,766,0.05,7.321798299062346,983.6569999999996,129.15
967,700.6000000000004,11600,97,284,0.05,7.181319186385249,976.8679999999995,128.45
968,601.5000000000006,11200,91,269,0.05,7.3948930541822016,979.0729999999994,128.67
969,292.0,6700,55,181,0.05,7.291636885859031,978.7319999999995,128.61
970,1359.599999999999,21300,172,471,0.05,7.379433463839715,990.6859999999996,129.9
971,1382.599999999999,21400,174,477,0.05,7.702618918828744,1002.3409999999997,131.14
972,1911.599999999999,28500,232,622,0.05,7.56825057639953,1017.4889999999997,132.79
973,1447.099999999999,22000,180,492,0.05,7.571285015199242,1023.7989999999998,133.47
974,493.10000000000014,9000,74,227,0.05,7.55576823776514,1023.8309999999999,133.43
975,776.1000000000008,12400,111,320,0.05,7.493443743884564,1028.211,133.96
976,472.79999999999995,8900,76,232,0.05,7.358085136989067,1011.9580000000002,132.24
977,1459.0999999999988,20800,169,463,0.05,7.623572280545987,1010.7200000000001,132.04
978,0.10000000000002274,3100,28,111,0.05,7.776323189606538,993.9050000000002,130.32
979,1238.2999999999997,18700,158,438,0.05,7.851819876666482,992.2470000000003,130.18
980,746.2000000000002,13000,105,306,0.05,7.457285614574657,988.7810000000002,129.76
981,766.7,13300,105,305,0.05,7.645936045099477,984.7410000000003,129.44
982,3601.3999999999996,50000,412,1072,0.05,7.5128641075162745,1018.4040000000002,133.02
983,3185.7999999999984,45000,369,966,0.05,7.548766067062599,1046.7060000000004,136.09
984,1777.0999999999995,26800,215,580,0.05,7.528935197304035,1061.8800000000003,137.77
985,1112.7999999999988,17400,145,402,0.05,7.899841682234807,1063.4070000000004,138.05
986,321.59999999999974,9400,77,219,0.05,8.494743917630688,1064.0460000000003,138.28
987,165.00000000000023,5300,44,152,0.05,8.151754520441356,1060.6680000000006,137.9
988,4049.7000000000007,54100,449,1162,0.05,7.802312109433435,1099.0850000000005,141.88
989,310.29999999999984,7000,57,183,0.05,7.629153824894806,1093.1030000000005,141.22
990,3631.799999999998,49900,417,1084,0.05,7.24920418121718,1124.3560000000004,144.6
991,2740.300000000001,37800,317,835,0.05,7.4473860643581,1139.3650000000007,146.18
992,559.5,9900,83,250,0.05,7.383608047485351,1144.7240000000006,146.73
993,1508.5,21400,183,501,0.05,7.197051282414419,1153.4450000000006,147.63
994,1511.700000000001,22700,188,511,0.05,7.0755834430164555,1168.4010000000005,149.22
995,1293.6999999999998,18600,151,421,0.05,6.838230661994771,1180.8320000000006,150.4
996,192.69999999999982,5500,46,158,0.05,6.7666655220562895,1177.3030000000006,150.11
997,1050.8000000000004,15900,136,383,0.05,6.835635134196468,1181.8860000000004,150.54
998,1452.4999999999998,21000,173,475,0.05,6.810294577949925,1197.5970000000004,152.01
999,257.6,6300,55,179,0.05,6.7868816892528,1178.1360000000004,149.98
1000,1479.6999999999982,23000,194,519,0.05,6.829122434921118,1186.0460000000005,150.95
1001,1434.1999999999991,20500,183,498,0.05,7.060571130978534,1194.9270000000006,151.91
1002,267.20000000000044,7800,63,186,0.05,7.343057068445349,1170.0130000000006,149.4
1003,1212.3999999999999,18100,149,414,0.05,7.424712213341165,1183.3980000000004,150.68
1004,1744.2999999999988,24200,210,567,0.05,7.139418985477831,1197.2190000000003,152.19
1005,1824.300000000003,25800,217,583,0.05,7.0403119663022595,1182.3530000000005,150.62
1006,1879.399999999998,26400,226,607,0.05,6.868440126862125,1183.9720000000007,150.84
1007,455.29999999999995,8400,69,213,0.05,6.7301884481045,1188.5160000000005,151.21
1008,267.8000000000002,6000,51,170,0.05,6.973979902267456,1176.9360000000006,150.04
1009,116.6,4600,41,143,0.05,6.908702413518946,1172.5310000000004,149.61
1010,3941.2999999999956,54600,451,1170,0.05,7.225885619465102,1202.7870000000005,152.9
1011,1987.999999999999,27900,234,629,0.05,7.190949250480519,1221.7560000000005,154.88
1012,912.4999999999992,15200,123,348,0.05,7.133719255184305,1214.5940000000005,154.08
1013,1193.6999999999996,19600,160,442,0.05,7.069421350686259,1195.6240000000005,152.13
1014,1588.799999999998,22300,184,502,0.05,7.081608625047235,1192.4720000000002,151.89
1015,1553.4999999999977,22200,186,507,0.05,7.062821861319758,1196.115,152.27
1016,1237.3999999999996,18300,159,440,0.05,7.1786299342458895,1203.38,153.08
1017,1700.8,24000,198,536,0.05,7.116441583455498,1201.0950000000003,152.72
1018,278.3000000000002,6300,57,185,0.05,6.89264324806832,1202.9820000000002,152.95
1019,1140.1000000000008,17700,146,407,0.05,6.7077224840403185,1213.211,154.02
1020,1267.599999999999,19200,160,440,0.05,6.770641409808939,1218.7390000000003,154.58
1021,969.5000000000008,15400,131,371,0.05,6.8729767445926715,1218.151,154.56
1022,2513.999999999999,33700,286,758,0.05,6.6830774205970265,1234.8850000000002,156.27
1023,1495.3999999999985,22100,186,505,0.05,7.0350554390708995,1250.836,157.97
1024,1392.8000000000002,21200,177,485,0.05,6.873168423741134,1239.0670000000002,156.95
1025,511.69999999999993,9200,79,239,0.05,6.507377352175852,1247.9170000000001,157.73
1026,909.0000000000005,15100,126,352,0.05,6.876358449459076,1255.557,158.59
1027,2520.4999999999995,35200,289,764,0.05,6.821300539046682,1245.0869999999998,157.48
1028,3118.4999999999986,42700,346,907,0.05,6.54074957851801,1259.344,158.83
1029,1567.4999999999989,22900,193,524,0.05,6.4063897132873535,1266.187,159.54
1030,356.5000000000003,7500,64,203,0.05,6.31664927722198,1266.979,159.62
1031,3834.6999999999975,52300,437,1134,0.05,6.353045493837387,1297.0969999999998,162.87
1032,167.60000000000016,5200,44,153,0.05,6.160668990191291,1287.175,161.82
1033,3824.2999999999956,52500,413,1074,0.05,6.106331710708874,1296.572,162.7
1034,1332.700000000001,19700,167,457,0.05,6.075417748165339,1305.272,163.67
1035,1013.9999999999995,15000,118,338,0.05,5.870986031357353,1317.052,164.71
1036,2564.499999999997,35100,298,778,0.05,5.960460110617787,1323.1639999999998,165.36
1037,2418.6000000000017,34800,283,751,0.05,6.016479104558892,1338.2749999999996,166.99
1038,3404.2999999999993,47000,378,989,0.05,6.211901785269063,1349.0829999999996,168.05
1039,827.9000000000004,13900,116,331,0.05,6.1249916503076465,1333.657,166.6
1040,161.49999999999994,5700,49,156,0.05,6.384231785933177,1322.1760000000002,165.47
1041,2964.7999999999993,41400,340,894,0.05,6.243505992345362,1353.455,168.73
1042,1758.600000000001,25500,213,575,0.05,5.8639627974966295,1363.225,169.82
1043,2699.800000000002,36900,308,813,0.05,5.9161609321796,1355.799,169.08
1044,2622.3000000000006,36100,293,768,0.05,6.234547741090258,1355.933,169.07
1045,909.1999999999995,14700,121,344,0.05,6.296704089918802,1353.7479999999998,168.8
1046,1077.1999999999996,17100,147,410,0.05,6.19692245053082,1362.836,169.82
1047,1610.2999999999997,22400,192,522,0.05,6.184195085503589,1375.005,171.05
1048,793.8999999999994,12600,109,313,0.05,6.037849404179631,1378.281,171.39
1049,194.90000000000015,6600,54,173,0.05,5.851883039309111,1350.0529999999999,168.51
1050,200.40000000000015,5500,44,150,0.05,6.2125244092941285,1341.58,167.56
1051,2197.9000000000005,30800,251,671,0.05,6.067190980769127,1361.3399999999997,169.58
1052,1101.6000000000015,17100,144,402,0.05,6.082682368174122,1370.3629999999998,170.53
1053,1862.099999999998,26600,221,594,0.05,6.344509118735188,1377.136,171.27
1054,91.5,3700,34,127,0.05,6.063954441566167,1378.095,171.36
1055,841.6000000000004,14500,118,335,0.05,6.040117909303352,1383.165,171.89
1056,1566.6999999999978,23200,192,523,0.05,6.001304990702788,1392.4930000000002,172.87
1057,819.1000000000001,13000,108,312,0.05,5.780696278963333,1393.3630000000003,172.95
1058,1978.1000000000013,28500,233,625,0.05,5.830051347732544,1406.082,174.27
1059,690.6,12400,102,296,0.05,5.812064147478825,1391.228,172.69
1060,1467.899999999999,21900,185,501,0.05,5.849099144488275,1385.6330000000003,172.11
1061,920.199999999999,15500,126,354,0.05,6.0705754467323,1391.1760000000002,172.73
1062,1539.1999999999998,21200,174,477,0.05,5.877425776587592,1404.241,173.94
1063,1424.2999999999975,21000,177,484,0.05,6.032669308756994,1413.229,174.99
1064,768.7,14200,115,318,0.05,5.861059997816506,1400.573,173.78
1065,1114.3000000000009,17800,148,410,0.05,5.723521099439481,1404.3129999999999,174.23
1066,2726.599999999996,37900,314,828,0.05,6.047770706063884,1407.007,174.48
1067,1935.8999999999987,28200,237,631,0.05,5.936301098383739,1419.36,175.88
1068,355.49999999999994,7700,66,207,0.05,5.922260900626436,1416.9,175.63
1069,649.7999999999996,11700,94,275,0.05,6.162475027604536,1420.4779999999998,176.02
1070,1300.0999999999979,19100,155,428,0.05,6.1139264803066435,1419.8829999999996,175.85
1071,218.2,6100,53,172,0.05,6.4797149092652075,1408.2389999999996,174.64
1072,-136.3,1300,12,72,0.05,6.56230812602573,1387.7599999999998,172.44
1073,349.00000000000034,8000,69,208,0.05,6.380729330273775,1376.7789999999995,171.33
1074,308.9000000000002,7300,63,193,0.05,6.264886379241943,1374.937,171.22
1075,2592.9999999999973,36500,297,786,0.05,6.596980659106306,1393.1059999999998,173.08
1076,798.8999999999997,14300,113,320,0.05,6.67162147462368,1396.3669999999997,173.45
1077,3092.5999999999976,41200,350,918,0.05,6.813694768481785,1412.7019999999998,175.26
1078,324.20000000000033,6900,55,178,0.05,6.721524581480562,1415.943,175.53
1079,968.6999999999997,15700,126,356,0.05,6.755232240376848,1413.247,175.21
1080,89.89999999999989,4200,37,133,0.05,6.699448427759615,1406.684,174.53
1081,269.39999999999986,6200,55,177,0.05,6.661594574060818,1401.711,174.03
1082,545.6999999999999,9500,77,235,0.05,6.570937881063908,1371.154,170.68
1083,554.0999999999999,9800,84,254,0.05,6.289915480012969,1344.8369999999998,167.83
1084,363.69999999999993,7400,62,197,0.05,6.552603881371203,1330.7029999999995,166.3
1085,180.2999999999999,5200,47,160,0.05,6.443587769567967,1321.3779999999992,165.32
1086,238.00000000000006,6400,53,170,0.05,6.329517898840063,1320.5419999999992,165.08
1087,681.4,11200,97,285,0.05,6.571039904209606,1325.7059999999992,165.61
1088,1761.1000000000015,25100,212,573,0.05,6.507138467792025,1302.8199999999993,163.24
1089,1473.499999999999,21600,172,470,0.05,6.299805049186057,1314.4519999999993,164.39
1090,3494.899999999993,48100,391,1020,0.05,6.351908389727274,1313.082999999999,164.13
1091,1155.3000000000002,17400,144,403,0.05,6.331183728154185,1297.2329999999993,162.4
1092,-121.10000000000001,1700,14,78,0.05,6.561780807299492,1290.426999999999,161.71
1093,209.99999999999997,5800,50,166,0.05,6.458526739154953,1277.441999999999,160.38
1094,355.40000000000043,7700,67,207,0.05,6.4666907787323,1265.878999999999,159.17
1095,1899.3999999999983,26800,222,596,0.05,6.479347379815659,1271.9359999999988,159.88
1096,132.9000000000003,5100,42,148,0.05,6.578689555864076,1271.3379999999988,159.84
1097,4559.300000000002,59300,500,1292,0.05,6.306763010866502,1306.4229999999989,163.48
1098,-24.999999999999943,3000,28,107,0.05,6.476215710149747,1291.6479999999988,162.03
1099,369.4000000000001,8400,67,210,0.05,6.736501237324306,1292.7659999999987,162.15
1100,117.3999999999998,4500,40,141,0.05,6.732947741839903,1279.1429999999987,160.61
1101,1093.0999999999995,17200,141,395,0.05,6.726748267306557,1275.7319999999986,160.19
1102,1902.7,27000,223,600,0.05,6.453680281241735,1292.0869999999986,161.79
1103,3010.2000000000003,41100,341,893,0.05,6.583037652467427,1310.0649999999985,163.71
1104,1016.1000000000004,16000,130,367,0.05,6.59053377104715,1302.7829999999988,162.91
1105,66.19999999999995,3700,28,111,0.05,6.553994674940367,1285.2019999999989,161.02
1106,1137.8999999999994,17600,149,413,0.05,6.858615762673625,1277.7869999999987,160.25
1107,1171.7999999999993,18800,145,398,0.05,6.9748899026132705,1284.9519999999986,161.01
1108,112.39999999999986,4400,38,137,0.05,6.647879590083213,1283.3979999999988,160.88
1109,931.5000000000002,14500,124,353,0.05,6.560188790556392,1291.5469999999987,161.71
1110,-39.30000000000001,2800,25,102,0.05,6.491209350380243,1251.7409999999988,157.45
1111,435.3000000000003,8800,70,212,0.05,6.570809021310986,1236.213999999999,155.81
1112,-170.0,1300,13,71,0.05,6.69693046892193,1225.388999999999,154.71
1113,82.19999999999989,4500,38,136,0.05,6.475943156901528,1214.2739999999988,153.49
1114,208.8999999999998,6200,50,167,0.05,6.924783209840695,1200.4749999999988,152.15
1115,622.0999999999995,11000,91,270,0.05,6.884157768885294,1191.1609999999987,151.2
1116,-150.59999999999997,2000,16,70,0.05,6.701574543544225,1177.2809999999986,149.77
1117,1577.0999999999997,23400,192,522,0.05,6.9669198912222265,1176.0439999999987,149.71
1118,18.599999999999937,3800,29,109,0.05,6.885779577657717,1173.4469999999988,149.43
1119,2569.299999999998,36800,291,769,0.05,6.8235340012995565,1187.7389999999987,150.88
1120,1061.3999999999996,16700,137,380,0.05,6.678868470066472,1185.6769999999988,150.65
1121,929.5,14100,119,340,0.05,6.553312251848333,1185.276999999999,150.53
1122,419.20000000000033,7800,66,208,0.05,6.7441708491398735,1164.3289999999988,148.33
1123,879.2,14200,119,340,0.05,6.78144919942407,1158.1669999999988,147.66
1124,743.4000000000007,12500,104,302,0.05,6.76838328664666,1151.6729999999986,146.93
1125,548.6000000000001,9800,82,247,0.05,6.8568867864879035,1152.0419999999988,146.96
1126,69.10000000000001,4400,36,132,0.05,6.75800602905678,1143.642999999999,146.06
1127,24.80000000000001,3800,32,121,0.05,6.693905960429799,1118.685999999999,143.49
1128,632.1,10300,91,270,0.05,6.690852749789203,1093.8219999999992,140.94
1129,1157.3000000000009,18100,149,415,0.05,6.81709354009973,1089.7199999999993,140.5
1130,2186.399999999999,31600,250,667,0.05,6.94384170078981,1108.0189999999993,142.36
1131,1663.0999999999997,24800,208,563,0.05,6.83018085545799,1086.3029999999994,140.07
1132,482.5000000000008,10500,85,247,0.05,6.611921989966018,1089.4519999999993,140.48
1133,1176.2999999999986,17800,150,417,0.05,6.67822662074503,1062.9719999999995,137.85
1134,443.7000000000001,8200,72,222,0.05,6.596640040208627,1054.0819999999994,136.9
1135,3416.999999999999,46400,375,980,0.05,6.8001039393094125,1078.1119999999994,139.47
1136,2013.3999999999976,30100,245,653,0.05,6.905535936720703,1072.6009999999994,138.94
1137,89.59999999999997,5300,42,140,0.05,6.754144988741193,1049.3109999999997,136.53
1138,-14.800000000000068,3100,27,107,0.05,6.7247930954549915,1015.1199999999997,133.02
1139,1428.5999999999995,22500,188,502,0.05,6.65773281918104,1021.1269999999998,133.74
1140,-22.60000000000005,3000,25,104,0.05,6.800040836517628,1019.2859999999997,133.5
1141,2377.8999999999974,33900,280,738,0.05,6.877200700080168,1013.4169999999998,132.9
1142,2617.3000000000006,36100,307,808,0.05,6.947973972204888,1022.0039999999998,133.84
1143,1405.599999999998,21200,172,473,0.05,6.762461162268737,1009.0619999999998,132.48
1144,1205.1999999999998,18200,147,408,0.05,6.691069378572352,994.8909999999996,131.02
1145,729.9000000000002,12800,102,298,0.05,6.342585414848072,993.0979999999996,130.83
1146,97.99999999999993,4400,38,135,0.05,6.247612071920324,983.3059999999996,129.74
1147,1380.5999999999985,21100,173,475,0.05,6.433940070302863,981.0089999999997,129.55
1148,1251.9999999999993,20300,163,448,0.05,6.302669410726854,985.5899999999997,130.09
1149,1451.3000000000002,20800,164,453,0.05,6.5518693187115735,998.1539999999995,131.19
1150,608.4000000000005,10700,91,268,0.05,6.694500796830476,1002.2339999999995,131.66
1151,677.7000000000005,12100,100,291,0.05,6.8130289434977005,987.0319999999996,130.15
1152,858.2000000000004,13900,113,320,0.05,6.433560477942228,984.5979999999997,129.84
1153,697.6999999999995,12200,104,301,0.05,6.37775927999883,972.9539999999996,128.67
1154,1911.000000000001,26900,213,575,0.05,6.29338851970175,991.1489999999997,130.46
1155,69.20000000000002,4600,38,131,0.05,6.428074017735838,983.4249999999996,129.66
1156,145.40000000000018,5300,44,147,0.05,6.261321690617775,969.2119999999994,128.18
1157,1096.0999999999992,17800,146,405,0.05,6.232221619288127,971.9819999999994,128.56
1158,1231.0999999999997,19600,157,434,0.05,6.125137165944148,964.5119999999994,127.8
1159,1947.2999999999993,29200,237,634,0.05,6.203149332609087,977.0789999999996,129.15
1160,668.5999999999999,11600,95,278,0.05,6.069925942009301,969.0859999999994,128.25
1161,1073.899999999999,16900,141,394,0.05,6.0503571239219704,970.6229999999996,128.4
1162,123.20000000000005,4500,39,139,0.05,6.4564623678330895,956.4629999999992,127.05
1163,1448.6999999999996,21300,176,478,0.05,6.128672047638993,956.7069999999992,127.04
1164,740.8000000000003,12900,107,310,0.05,6.159451874609917,956.4279999999992,126.96
1165,508.5999999999997,8700,81,246,0.05,6.298977415736129,950.3709999999993,126.29
1166,697.9000000000003,12600,103,298,0.05,5.942478439951903,930.0839999999993,124.18
1167,80.39999999999992,4800,40,136,0.05,6.048443114056306,911.5289999999992,122.21
1168,1577.4999999999989,23400,189,513,0.05,6.2967694307628435,923.7489999999992,123.44
1169,210.19999999999987,6000,49,160,0.05,6.296463841199875,919.3529999999993,122.99
1170,1829.5999999999985,27500,228,610,0.05,6.5260592831939945,924.6479999999993,123.72
1171,604.9000000000003,9800,89,265,0.05,6.706997054477908,928.5149999999994,124.08
1172,1724.3000000000009,23900,202,545,0.05,6.65191941217545,947.1209999999993,125.98
1173,1268.8999999999985,19100,157,434,0.05,6.942880729376446,956.3199999999993,126.86
1174,1332.2000000000005,19300,162,448,0.05,7.079099308167185,966.5529999999993,127.85
1175,818.1000000000003,13400,108,302,0.05,7.026925562233325,948.8039999999994,125.96
1176,4670.600000000002,63000,513,1323,0.05,6.934203282685687,987.5209999999995,129.96
1177,751.8999999999999,12800,109,312,0.05,6.6817166193937645,964.1139999999994,127.55
1178,318.5,7700,60,191,0.05,6.565161722492797,964.0569999999992,127.6
1179,606.8000000000004,11100,88,257,0.05,6.4731379436611665,960.4379999999994,127.22
1180,717.2000000000004,12200,101,295,0.05,6.30534695689961,966.7109999999994,127.86
1181,-66.89999999999996,2800,25,100,0.05,6.480179567337036,963.3479999999996,127.56
1182,707.0000000000002,12100,102,295,0.05,6.849127771086612,964.9609999999994,127.81
1183,5880.700000000003,77900,649,1665,0.05,6.620491160143603,1018.2269999999994,133.46
1184,958.4000000000007,16300,137,373,0.05,6.529096534360829,1024.1739999999995,134.21
1185,-147.2,1600,15,74,0.05,6.310921569128294,1020.8989999999993,133.89
1186,75.19999999999996,4100,33,125,0.05,6.142792848587036,1019.2709999999993,133.69
1187,-163.20000000000002,2800,20,78,0.05,5.883665017592601,1010.8249999999994,132.92
1188,357.50000000000017,7500,62,196,0.05,6.030575298533147,996.7889999999996,131.42
1189,485.60000000000025,8900,75,230,0.05,5.85486785536227,986.9099999999997,130.45
1190,1437.9999999999989,21200,181,489,0.05,5.983831363709182,966.3409999999994,128.35
1191,1881.6999999999973,26700,220,591,0.05,6.322571660056332,973.6049999999996,129.11
1192,1083.4,17900,146,400,0.05,6.32418254673481,985.6499999999995,130.43
1193,-56.90000000000004,2800,24,94,0.05,6.08351993560791,982.9809999999997,130.17
1194,925.4000000000009,15000,126,358,0.05,6.358460937798356,988.6809999999994,130.76
1195,157.70000000000005,5000,44,152,0.05,6.387917581357454,971.2639999999993,128.98
1196,-112.59999999999998,3200,27,96,0.05,6.748520488540332,968.8089999999994,128.83
1197,2744.1999999999966,36900,315,828,0.05,6.224888038520076,950.6579999999994,126.98
1198,862.8000000000001,14100,122,343,0.05,6.483175384755037,959.5359999999995,127.92
1199,639.6999999999999,12200,104,300,0.05,6.2682490730285645,962.2389999999994,128.29
1200,2345.0999999999935,32000,250,669,0.05,5.997242483501121,984.5159999999993,130.39
1201,3270.0,45100,371,968,0.05,6.118831998799458,1006.2849999999994,132.69
1202,-7.000000000000156,3100,26,102,0.05,6.069895232425017,987.1879999999994,130.72
1203,803.1999999999999,13800,112,316,0.05,6.242818061309524,965.1179999999995,128.43
1204,787.4000000000002,13400,107,308,0.05,6.329341228132124,962.8309999999993,128.2
1205,758.2000000000004,13000,105,305,0.05,6.418189691324703,969.7509999999993,128.97
1206,3036.5000000000027,41700,342,896,0.05,6.310582013268556,988.7369999999993,130.9
1207,469.20000000000016,8900,73,224,0.05,6.412733086517879,981.7109999999993,130.18
1208,1079.1000000000015,17400,142,394,0.05,6.354007635624881,991.3779999999995,131.22
1209,2723.6999999999975,38400,320,839,0.05,6.36418370694739,1009.2999999999994,133.18
1210,1149.6999999999998,17500,149,415,0.05,5.938144000754299,1021.1899999999993,134.42
1211,149.99999999999997,4900,43,150,0.05,5.751069130897522,1018.3369999999994,134.15
1212,2104.200000000001,29400,248,659,0.05,5.92112292686254,1041.0789999999993,136.5
1213,900.9000000000003,14000,124,350,0.05,6.123070408276149,1049.2659999999994,137.36
1214,510.7000000000004,10500,87,258,0.05,6.140482584635417,1052.2839999999992,137.73
1215,377.70000000000005,7500,66,208,0.05,5.928742776696499,1049.8399999999995,137.48
1216,3452.9999999999973,45900,375,981,0.05,5.812867551525556,1085.8759999999993,141.07
1217,1650.3000000000002,23700,197,533,0.05,5.858511526186516,1086.6079999999993,141.12
1218,2460.499999999996,32900,277,735,0.05,5.8938438791807,1111.0269999999991,143.6
1219,66.69999999999996,4200,37,131,0.05,6.170754057760457,1086.0009999999993,141.06
1220,2319.1000000000017,33500,277,734,0.05,6.0306685250201735,1098.5779999999993,142.46
1221,1748.2999999999997,24100,205,554,0.05,6.102194418976023,1106.7659999999994,143.32
1222,2148.100000000002,31100,251,671,0.05,5.818730779269768,1124.0549999999994,145.17
1223,1515.0,22000,173,474,0.05,5.83661889275418,1130.4129999999996,145.71
1224,136.8,4300,40,140,0.05,5.83871088879449,1124.3469999999995,145.07
1225,2760.4999999999973,38700,318,834,0.05,5.8888579484084245,1146.4659999999997,147.43
1226,432.3000000000006,9700,75,229,0.05,5.95754558446626,1150.0979999999995,147.82
1227,274.8000000000001,7100,58,185,0.05,5.831370803472158,1152.5979999999997,148.08
1228,3033.1999999999975,42700,348,910,0.05,5.736318272286719,1176.6089999999997,150.65
1229,16.500000000000014,3100,24,98,0.05,5.831923954340876,1165.2009999999996,149.4
1230,358.40000000000003,7500,67,211,0.05,5.96201111355099,1146.9209999999996,147.57
1231,81.49999999999993,3900,34,127,0.05,5.9348930899552474,1131.1049999999998,145.83
1232,4960.099999999999,67600,549,1415,0.05,5.877517961360541,1175.8809999999999,150.47
1233,772.7999999999998,12800,107,310,0.05,5.555299095184572,1171.8459999999998,150.04
1234,1082.499999999999,15600,139,389,0.05,5.64522355748939,1178.2339999999997,150.71
1235,1037.7,16800,137,385,0.05,5.8089080841510325,1154.4409999999998,148.33
1236,150.49999999999997,5000,43,148,0.05,5.622245559821257,1135.8119999999997,146.31
1237,1298.2999999999997,19500,153,424,0.05,5.737511476818121,1147.899,147.42
1238,3309.3000000000006,44400,365,954,0.05,5.604415980524987,1181.1399999999999,150.8
1239,1632.3000000000004,24100,193,526,0.05,5.562375043281584,1183.177,150.85
1240,455.4999999999999,9400,78,234,0.05,5.647338115251982,1187.9579999999999,151.38
1241,-31.099999999999994,2900,24,101,0.05,5.33971887295789,1163.868,148.82
1242,1046.1000000000006,16700,145,404,0.05,5.5447452428317305,1148.156,147.2
1243,417.9,8400,69,209,0.05,5.362136207699205,1138.279,146.17
1244,2616.799999999999,36800,302,795,0.05,5.694562915885974,1152.395,147.72
1245,-151.59999999999997,1800,15,75,0.05,6.103621323903401,1143.58,146.85
1246,384.30000000000024,8000,67,210,0.05,5.880372900054568,1146.443,147.14
1247,819.3000000000004,13200,111,321,0.05,5.907748384267742,1140.83,146.52
1248,4693.999999999993,63900,515,1330,0.05,5.881497447114242,1175.25,150.04
1249,40.10000000000005,4000,34,125,0.05,6.271333965301514,1161.138,148.74
1250,3722.300000000002,51600,415,1076,0.05,5.78383352034154,1192.277,151.98
1251,188.69999999999987,6300,48,159,0.05,5.618473976663074,1187.3869999999997,151.46
1252,2739.8000000000006,38200,313,826,0.05,5.713214512310074,1206.203,153.46
1253,-221.39999999999998,700,7,56,0.05,5.19434066755431,1197.012,152.49
1254,627.4000000000002,11600,90,267,0.05,5.539433588249406,1184.176,151.26
1255,481.60000000000014,9100,78,236,0.05,5.558139079708164,1188.3000000000002,151.66
1256,1162.8999999999999,17500,144,401,0.05,5.536556757001805,1198.475,152.66
1257,314.4999999999997,6800,58,187,0.05,5.613822253630123,1190.6589999999999,151.78
1258,2899.699999999999,41500,335,877,0.05,5.453816801275604,1207.345,153.56
1259,1240.6999999999987,18600,154,426,0.05,5.3126847458557345,1200.2789999999998,152.73
1260,164.2,5300,39,137,0.05,5.667739720240126,1195.2349999999997,152.17
1261,638.9,10900,94,278,0.05,5.594854297397806,1190.8849999999998,151.7
1262,464.99999999999994,9600,77,233,0.05,5.68003135791664,1194.3029999999999,152.08
1263,350.0999999999999,8000,67,204,0.05,5.540452829763001,1183.3169999999998,150.99
1264,758.8000000000002,12800,108,314,0.05,5.919694016693504,1183.497,151.0
1265,2572.599999999998,36400,302,792,0.05,5.567228980738707,1204.1369999999997,153.21
1266,1898.9999999999989,26900,214,576,0.05,5.577272032284075,1216.1479999999997,154.32
1267,1160.0999999999983,19000,145,405,0.05,5.412558859365958,1226.9449999999995,155.37
1268,487.5999999999999,8400,68,210,0.05,5.216278531437829,1216.0459999999996,154.16
1269,522.4999999999998,10200,84,250,0.05,5.31638435459137,1219.1689999999999,154.51
1270,1695.999999999999,24600,203,551,0.05,5.34930897537896,1217.8329999999996,154.26
1271,-28.500000000000057,3000,25,98,0.05,5.932549274697596,1211.4989999999998,153.62
1272,781.2000000000003,14200,113,325,0.05,5.677242997242854,1202.068,152.73
1273,1744.9000000000012,25000,199,540,0.05,5.539971940605729,1206.8279999999995,153.15
1274,-57.70000000000001,2400,21,95,0.05,5.6481242606514375,1192.9289999999999,151.74
1275,1300.2999999999988,19600,164,453,0.05,5.445415666298098,1197.7509999999997,152.3
1276,1347.2999999999997,21400,173,468,0.05,5.452495775671086,1164.518,148.9
1277,6396.1,86800,707,1808,0.05,5.3176130201436775,1220.9599999999998,154.88
1278,611.0999999999999,10800,92,272,0.05,5.371223446200876,1223.886,155.2
1279,1074.4999999999995,17100,143,395,0.05,5.171624721454669,1228.563,155.75
1280,86.10000000000001,3800,35,129,0.05,5.0229509320369985,1222.252,155.09
1281,4809.300000000007,62900,510,1317,0.05,5.44150711029157,1271.0140000000001,159.94
1282,1608.1,24300,194,527,0.05,5.253946599290765,1280.0250000000003,160.86
1283,238.10000000000002,6300,55,178,0.05,5.388248661930642,1223.5990000000002,154.92
1284,1005.7999999999996,16700,131,364,0.05,5.259313646908645,1224.0730000000003,154.86
1285,541.4000000000002,9800,78,237,0.05,5.407073350898324,1230.959,155.49
1286,1184.1999999999998,18100,141,396,0.05,5.2366749102419075,1242.0490000000002,156.57
1287,2216.4000000000005,31500,260,692,0.05,5.098586772218605,1265.845,158.97
1288,831.9000000000002,13500,112,323,0.05,5.219088531500046,1270.589,159.47
1289,304.9000000000002,7400,62,196,0.05,5.136534355124649,1268.782,159.34
1290,2216.799999999998,31900,261,696,0.05,5.025167468635515,1276.57,160.14
1291,517.8000000000004,9700,80,243,0.05,5.332941577267745,1262.931,158.74
1292,10278.90000000002,135700,1092,2769,0.05,5.4237886287968875,1354.8860000000004,168.2
1293,1205.9000000000008,18500,150,414,0.05,5.327636128462455,1367.5140000000001,169.46
1294,425.70000000000016,9000,75,226,0.05,5.098954846373702,1362.5170000000005,168.95
1295,1947.6000000000001,27800,234,625,0.05,5.2709755546569825,1380.4160000000004,170.85
1296,881.9999999999997,14600,123,348,0.05,5.522863402448851,1390.3620000000003,171.81
1297,2918.4999999999955,38800,319,840,0.05,5.4517990313825155,1392.1050000000005,171.85
1298,1509.1000000000004,21800,184,502,0.05,5.280621126353503,1398.5680000000007,172.47
1299,2095.2999999999984,29500,243,650,0.05,5.291376858491164,1413.1240000000005,173.86
1300,409.10000000000025,8600,70,217,0.05,5.25940343421725,1393.7640000000001,172.06
1301,3802.199999999999,50200,427,1109,0.05,5.796506210530095,1399.0860000000002,172.62
1302,782.7000000000005,12500,108,313,0.05,5.253315094560861,1406.9830000000004,173.44
1303,953.2999999999995,15200,133,372,0.05,5.441547851408681,1408.4840000000002,173.65
1304,1011.700000000001,15900,132,369,0.05,5.667085098380319,1410.7270000000003,173.9
1305,915.0999999999996,14900,126,357,0.05,5.676390573090198,1412.2960000000003,174.11
1306,3171.7,42600,352,923,0.05,5.867771890284827,1413.6480000000008,174.21
1307,240.10000000000008,6500,53,171,0.05,5.866092043313366,1411.3570000000007,174.01
1308,2511.599999999999,35100,285,753,0.05,5.65553988656833,1425.6820000000007,175.44
1309,2803.0999999999963,38200,320,841,0.05,5.740597186275668,1426.4760000000006,175.44
1310,615.9000000000002,10600,91,270,0.05,5.705766052669949,1421.1380000000004,174.86
1311,210.40000000000015,5400,48,162,0.05,5.51286275740023,1421.7420000000004,174.91
1312,-83.59999999999997,2300,19,88,0.05,5.29884637485851,1399.8640000000003,172.62
1313,2490.799999999996,35100,282,740,0.05,5.573946019765493,1415.7630000000001,174.2
1314,2609.199999999993,36400,286,754,0.05,5.437036493412696,1436.7479999999998,176.19
1315,1339.8000000000002,20700,167,460,0.05,5.425540518760681,1446.369,177.2
1316,-79.6,2100,18,87,0.05,5.548811865949083,1411.0429999999997,173.63
1317,228.80000000000007,5200,44,152,0.05,5.560775294115669,1396.8279999999995,172.1
1318,1010.7999999999997,16400,134,377,0.05,5.252823304118149,1382.3309999999994,170.67
1319,141.2,5800,46,153,0.05,4.931828629736807,1383.0759999999998,170.76
1320,199.5000000000002,5800,49,165,0.05,5.101549391313033,1361.8799999999997,168.48
1321,2470.999999999999,33200,255,681,0.05,5.198520916674106,1369.1069999999997,168.98
1322,902.2000000000002,14700,119,341,0.05,5.250872494538159,1356.6480000000001,167.66
1323,48.7999999999999,3800,32,122,0.05,5.676192352029144,1341.986,166.25
1324,1589.6999999999982,22600,184,502,0.05,5.4002565929139275,1356.515,167.69
1325,512.6000000000003,9800,82,245,0.05,5.369079362129678,1334.036,165.33
1326,3423.6999999999925,48200,375,981,0.05,5.672887547178978,1363.95,168.33
1327,273.0,7100,60,189,0.05,5.7506886134071955,1363.9319999999998,168.35
1328,2313.8999999999974,31800,260,693,0.05,5.866096597557288,1356.739,167.47
1329,3650.7999999999934,48600,393,1026,0.05,5.845231929485329,1393.0819999999999,171.16
1330,-16.40000000000002,3700,31,112,0.05,5.999002201216562,1389.3339999999996,170.8
1331,1550.3000000000015,24100,187,506,0.05,5.7211125420016264,1404.0219999999995,172.33
1332,536.1000000000003,10600,86,252,0.05,5.549343985224527,1359.782,167.7
1333,944.8000000000003,15700,121,342,0.05,5.697937569423028,1361.5019999999997,167.84
1334,957.7000000000004,15700,125,356,0.05,5.571814691082815,1360.254,167.7
1335,1371.9000000000008,19900,174,478,0.05,5.686113109648477,1363.5959999999998,168.07
1336,1385.5999999999985,21700,174,477,0.05,5.3896095632757035,1375.947,169.38
1337,1192.000000000001,18200,154,428,0.05,5.770357304644362,1374.884,169.39
1338,1125.1000000000001,18500,150,415,0.05,5.86808620705662,1353.0420000000001,167.24
1339,277.5999999999999,6100,55,181,0.05,5.842847934743976,1339.495,165.86
1340,2093.2000000000003,29900,247,661,0.05,5.721583376132775,1355.872,167.55
1341,2590.0000000000014,35000,298,786,0.05,5.9366899337477355,1382.083,170.29
1342,2088.799999999998,29900,247,660,0.05,5.7854101773464315,1392.51,171.31
1343,880.5999999999998,15100,124,345,0.05,5.732950952087624,1397.1370000000002,171.86
1344,1879.7000000000003,27300,227,609,0.05,5.788744182226497,1389.7660000000003,171.11
1345,1858.2999999999997,27400,223,596,0.05,6.044090161387552,1409.865,173.19
1346,430.50000000000034,8700,75,228,0.05,5.760707785163009,1410.3270000000002,173.27
1347,760.4999999999999,13000,109,312,0.05,5.919538066937373,1409.7390000000003,173.25
1348,-101.00000000000004,2700,22,90,0.05,6.094460897975498,1361.7890000000002,168.32
1349,-112.69999999999999,1900,17,82,0.05,6.2184320310267,1360.261,168.15
1350,135.89999999999995,4700,42,146,0.05,6.130440177982801,1324.397,164.42
1351,896.2999999999997,15100,127,354,0.05,5.844105956918102,1331.473,165.21
1352,671.2000000000003,11900,101,292,0.05,5.814091024333483,1310.787,163.09
1353,283.8999999999999,6700,53,173,0.05,5.956973814550852,1315.84,163.55
1354,1388.1999999999982,21000,173,475,0.05,5.91759366236235,1323.4479999999999,164.38
1355,2902.0999999999967,38600,326,858,0.05,5.673888622741877,1347.6529999999998,166.86
1356,93.1000000000002,5000,40,136,0.05,5.743177966159933,1336.9549999999997,165.82
1357,892.4999999999998,13900,115,330,0.05,5.696195344491438,1342.7349999999997,166.39
1358,3329.300000000001,45800,372,957,0.05,5.723950412455273,1347.0309999999995,166.76
1359,1068.8000000000009,16800,137,386,0.05,5.720107512152874,1345.3119999999994,166.59
1360,1011.6000000000018,17000,135,375,0.05,5.810927050908407,1353.7859999999998,167.55
1361,764.700000000001,12800,105,305,0.05,5.904627445877575,1355.0439999999999,167.66
1362,1038.1000000000004,17000,136,380,0.05,5.742900373433765,1360.775,168.25
1363,3602.299999999994,49800,412,1072,0.05,5.864713651698027,1393.2969999999998,171.7
1364,56.400000000000006,4200,35,129,0.05,5.881785381671994,1386.2729999999997,170.97
1365,858.6000000000001,13400,112,322,0.05,5.968664927512222,1369.1329999999998,169.07
1366,3116.2999999999965,43600,361,944,0.05,5.958736090589378,1381.3059999999996,170.54
1367,901.8000000000004,14500,118,336,0.05,5.968746119311878,1378.7229999999995,170.27
1368,1664.8000000000009,24700,205,556,0.05,5.868055590193906,1390.4949999999994,171.64
1369,1916.099999999999,26900,220,589,0.05,5.88199779659459,1404.4309999999996,173.0
1370,812.8,13600,112,322,0.05,6.176620601867297,1395.5989999999993,172.09
1371,420.4000000000003,8400,67,206,0.05,6.32670784691005,1400.0879999999993,172.51
1372,1466.3999999999996,21800,183,496,0.05,6.302454789800029,1406.9399999999991,173.21
1373,3174.2,44400,370,969,0.05,6.288873112730689,1421.2329999999995,174.92
1374,1124.2999999999995,17900,144,397,0.05,6.0053881127528035,1433.0529999999997,176.15
1375,652.5999999999998,10900,97,286,0.05,6.0637687986547295,1426.5759999999998,175.48
1376,210.99999999999991,6200,47,159,0.05,6.099940156036952,1415.213,174.22
1377,254.90000000000018,6200,53,172,0.05,5.9016071045121485,1353.8010000000002,167.68
1378,696.9,12700,100,285,0.05,6.041461691103484,1354.6589999999999,167.76
1379,1217.0999999999992,19000,156,433,0.05,6.378771932791342,1356.085,167.89
1380,74.19999999999996,4300,37,132,0.05,6.4563436887481,1355.9660000000001,167.91
1381,570.0000000000002,9800,86,256,0.05,6.362769749946892,1313.573,163.67
1382,352.3000000000003,7500,60,191,0.05,6.550928417924811,1301.015,162.33
1383,642.7999999999998,11000,93,273,0.05,6.2094769809708925,1305.062,162.71
1384,3659.499999999999,49600,410,1065,0.05,6.310546414057414,1331.599,165.5
1385,4452.600000000003,60500,496,1284,0.05,6.3991292475539945,1370.711,169.68
1386,1297.3999999999994,18500,159,440,0.05,6.213429338281805,1371.8429999999998,169.86
1387,443.5,8700,72,223,0.05,6.3796114739815755,1354.114,167.98
1388,4188.500000000005,56100,458,1188,0.05,6.594500778901456,1387.6799999999996,171.44
1389,-10.499999999999929,3000,27,106,0.05,6.391275295671427,1384.5259999999998,171.09
1390,1169.1999999999996,17800,145,405,0.05,6.3816956784990095,1374.0500000000002,169.93
1391,425.3,8300,75,230,0.05,6.894705442760301,1373.125,169.88
1392,6464.099999999999,87000,710,1815,0.05,6.855148060722456,1334.9769999999996,166.06
1393,481.50000000000017,9000,77,236,0.05,6.70371322005482,1327.7329999999995,165.33
1394,381.0000000000001,7700,65,206,0.05,6.80093966409998,1327.2859999999994,165.23
1395,441.9,8400,71,220,0.05,6.629487685723738,1312.2289999999994,163.6
1396,563.6999999999998,10800,87,259,0.05,6.978385687794924,1309.0459999999994,163.24
1397,364.99999999999966,7600,65,205,0.05,7.256211229649986,1283.5109999999995,160.7
1398,536.3,10300,85,254,0.05,6.943559423206359,1273.7829999999997,159.71
1399,389.5999999999999,7800,69,215,0.05,7.08454246188319,1256.7259999999997,157.97
1400,2847.1999999999975,39300,327,859,0.05,7.160919702927364,1281.1069999999997,160.54
1401,2291.6999999999985,32200,261,694,0.05,7.473574732497378,1266.0019999999995,158.88
1402,1113.9000000000008,16400,141,394,0.05,7.186266102766628,1269.3139999999994,159.21
1403,1568.8999999999987,22700,184,502,0.05,7.263189827778425,1275.4699999999993,159.72
1404,671.8000000000001,12000,93,270,0.05,7.202670323407209,1272.0709999999995,159.33
1405,1419.1000000000004,21300,179,488,0.05,7.4007906977270475,1277.1109999999994,159.86
1406,754.3,12000,101,293,0.05,7.3848876660187495,1252.9369999999994,157.35
1407,553.1000000000004,10200,78,237,0.05,7.359839067177431,1256.0669999999998,157.6
1408,-87.39999999999998,2000,18,83,0.05,6.831995527428317,1230.0769999999998,154.93
1409,3058.2999999999984,41300,346,908,0.05,7.221629192913157,1232.629,155.19
1410,972.8000000000001,15800,131,370,0.05,7.435550449989938,1236.1979999999999,155.59
1411,405.19999999999993,8600,69,212,0.05,7.477677525214429,1238.1459999999997,155.8
1412,1881.0000000000014,27900,224,603,0.05,7.747586232908132,1257.792,157.85
1413,2396.2000000000007,32500,274,723,0.05,7.7687102660103955,1256.8459999999998,157.77
1414,-232.4,1100,8,52,0.05,7.769570387326754,1228.4299999999998,154.99
1415,2438.999999999999,34600,283,748,0.05,7.915923052293094,1239.4219999999998,156.15
1416,1565.6999999999996,24700,208,548,0.05,7.650634265729111,1255.8749999999998,158.05
1417,404.79999999999995,8600,72,222,0.05,7.795128366968653,1257.6349999999998,158.33
1418,641.3999999999999,12900,106,293,0.05,7.590458285686506,1253.941,158.05
1419,4098.600000000001,54300,441,1143,0.05,7.684330450685422,1293.515,162.0
1420,5894.600000000013,80600,669,1716,0.05,7.754150225010229,1350.4660000000001,168.2
1421,389.60000000000014,8200,67,210,0.05,7.508669832774571,1329.6520000000005,166.32
1422,989.6000000000014,16100,134,370,0.05,7.342567323349618,1330.5260000000003,166.47
1423,257.10000000000014,5900,55,180,0.05,7.58331442144182,1332.6090000000006,166.7
1424,550.7000000000003,9700,77,235,0.05,7.563776716272882,1322.2190000000005,165.63
1425,468.4999999999999,8800,76,232,0.05,7.755120183887152,1321.7780000000005,165.57
1426,2220.700000000002,31400,263,700,0.05,7.609258749825614,1309.7480000000005,164.45
1427,696.4999999999999,11500,100,291,0.05,7.584670394556629,1313.9830000000004,164.85
1428,191.5000000000002,5600,49,162,0.05,7.996689544783698,1292.7590000000005,162.74
1429,1069.3000000000009,16800,134,375,0.05,7.856857035319011,1266.9440000000004,160.15
1430,131.79999999999998,5200,45,154,0.05,7.9874405179704935,1268.4260000000006,160.29
1431,279.4,6600,52,169,0.05,8.314694525927482,1255.7170000000003,158.94
1432,469.29999999999995,8600,73,225,0.05,7.9903853522406685,1255.0490000000004,158.81
1433,1369.0999999999983,20200,175,479,0.05,7.842032457941012,1259.2920000000004,159.35
1434,1152.6000000000017,17300,142,396,0.05,7.6551645705194185,1261.2410000000007,159.52
1435,392.99999999999994,8900,70,215,0.05,7.3751611421274585,1251.4520000000007,158.48
1436,2998.8999999999965,38800,319,840,0.05,7.254980086144947,1267.5850000000005,159.93
1437,524.4999999999998,9900,79,240,0.05,7.545641618967056,1260.9100000000005,159.18
1438,3417.199999999996,46500,381,995,0.05,7.599576553747283,1283.8310000000006,161.49
1439,2548.8999999999974,36200,285,754,0.05,7.584461174213602,1306.5440000000003,163.79
1440,547.7,9300,83,250,0.05,7.821221446037293,1291.0890000000002,162.15
1441,379.30000000000007,8000,67,210,0.05,7.580902397064936,1268.9820000000002,159.84
1442,1761.1999999999987,25700,209,562,0.05,7.65652615913717,1265.7060000000004,159.46
1443,1354.5999999999992,19800,156,432,0.05,7.882330044552132,1270.4460000000004,159.78
1444,-169.8,1300,10,60,0.05,7.559512273470561,1249.9510000000002,157.61
1445,547.6000000000003,9600,83,250,0.05,7.778084629058838,1236.8440000000003,156.21
1446,874.0999999999997,14000,118,339,0.05,7.884078037070665,1241.2800000000004,156.64
1447,2528.5999999999985,36500,296,782,0.05,7.638515768453593,1258.9610000000002,158.51
1448,635.5000000000006,11100,94,276,0.05,7.014646651088327,1266.3260000000002,159.23
1449,-132.2,1900,15,74,0.05,6.941112453873093,1266.1310000000003,159.21
1450,1252.2,19300,158,437,0.05,6.938317907756744,1277.2940000000003,160.37
1451,932.0999999999993,15200,124,350,0.05,6.871840343475342,1277.6520000000005,160.34
1452,3087.899999999998,42300,344,900,0.05,6.852938760916392,1301.8190000000002,162.77
1453,131.7,4700,41,142,0.05,6.925830878002543,1300.2970000000003,162.65
1454,946.5000000000006,15000,127,361,0.05,6.920444709772548,1295.8800000000003,162.19
1455,1803.599999999998,25700,213,575,0.05,6.762072361655857,1284.8950000000002,161.06
1456,214.29999999999995,5700,50,166,0.05,6.7766729521464155,1286.1070000000002,161.16
1457,223.0000000000001,5900,49,164,0.05,6.546604915363033,1279.4120000000003,160.5
1458,231.09999999999977,6200,53,174,0.05,6.58574059639854,1248.43,157.31
1459,424.2000000000002,9100,74,224,0.05,6.676360599696636,1241.9840000000002,156.68
1460,988.2000000000006,16400,137,379,0.05,6.63874609111796,1241.7499999999998,156.7
1461,-36.900000000000006,2400,21,96,0.05,6.61881896853447,1233.7340000000002,155.86
1462,2487.399999999996,35200,292,773,0.05,6.591639408010407,1248.2269999999999,157.42
1463,662.6000000000005,12100,102,292,0.05,6.456005974175179,1218.83,154.32
1464,536.4000000000001,9600,79,239,0.05,6.62646830530845,1223.6299999999999,154.76
1465,4781.200000000005,64900,524,1351,0.05,6.54773051521674,1262.856,158.88
1466,337.40000000000026,7700,58,184,0.05,6.589247897915218,1235.0670000000002,155.85
1467,-21.20000000000003,3000,25,101,0.05,6.093190419791949,1225.8370000000002,154.92
1468,517.8000000000005,10000,83,247,0.05,6.061069359180898,1214.3670000000002,153.7
1469,128.90000000000003,4600,35,128,0.05,6.247623784467578,1196.4950000000001,151.85
1470,650.9000000000002,11400,91,269,0.05,6.258457321216626,1194.8760000000002,151.64
1471,855.0000000000002,14500,117,334,0.05,6.230428702103164,1199.222,152.14
1472,1885.6999999999969,27000,217,584,0.05,6.4283093867236625,1203.415,152.48
1473,1590.1999999999982,22800,188,510,0.05,6.558851782013388,1187.575,150.66
1474,3382.299999999998,45900,381,996,0.05,6.5022462970281705,1210.155,153.03
1475,175.29999999999978,4800,44,153,0.05,6.431458326726178,1205.382,152.5
1476,948.0999999999999,15700,127,357,0.05,6.55351227071105,1212.753,153.3
1477,627.1999999999997,10100,91,270,0.05,6.727791621949938,1216.476,153.68
1478,1214.099999999999,18700,151,420,0.05,6.83902416229248,1221.6480000000001,154.19
1479,1300.7999999999995,19300,154,428,0.05,6.782628054373732,1222.4850000000001,154.17
1480,372.00000000000045,8400,69,211,0.05,6.672309936505358,1225.463,154.49
1481,-81.80000000000004,2500,22,94,0.05,6.9960960733129625,1218.945,153.85
1482,487.0999999999999,8500,76,232,0.05,6.744040506667104,1220.2930000000001,154.01
1483,1746.1999999999994,25300,208,563,0.05,7.027343434931753,1231.327,155.16
1484,415.6,8100,69,215,0.05,6.7832308347835095,1198.8880000000004,151.75
1485,2798.8999999999996,38500,326,859,0.05,6.821521811213288,1182.3509999999999,150.05
1486,1050.7000000000005,16400,133,373,0.05,7.090145240200749,1179.884,149.79
1487,1967.5999999999997,28000,229,614,0.05,7.015556060141772,1195.125,151.36
1488,1537.1000000000008,21600,178,487,0.05,6.958241214008057,1168.611,148.56
1489,1185.1000000000001,17700,149,415,0.05,6.997832505099745,1180.567,149.78
1490,145.09999999999977,6600,52,160,0.05,7.049485656619072,1170.3260000000002,148.85
1491,588.8999999999999,11400,93,272,0.05,6.658531853381326,1171.9620000000004,149.03
1492,2166.700000000001,30800,253,674,0.05,6.793936174064433,1128.988,144.46
1493,961.8999999999996,14800,127,359,0.05,6.540712302773776,1133.792,144.96
1494,284.5999999999998,8200,63,193,0.05,6.652990226300886,1132.828,144.94
1495,1010.2,16100,133,375,0.05,7.0010679219563805,1138.511,145.56
1496,1116.3000000000009,19100,148,407,0.05,6.634301254145929,1144.037,146.17
1497,463.10000000000014,10200,79,237,0.05,6.558823643857417,1145.018,146.31
1498,1283.8,19200,149,414,0.05,6.895502872513112,1152.493,146.95
1499,-171.09999999999997,1500,13,70,0.05,7.051575953619821,1146.886,146.39
1500,577.5000000000002,11400,91,268,0.05,6.79125267178265,1124.189,144.03
1501,-101.6,2200,18,86,0.05,6.77500381303388,1100.256,141.6
1502,733.5,12400,108,307,0.05,6.6937869853227845,1096.4520000000002,141.27
1503,367.5999999999998,7900,64,200,0.05,6.862937161922455,1084.439,140.07
1504,834.3000000000004,14800,124,347,0.05,6.8587158866849345,1086.064,140.38
1505,428.1999999999999,10000,78,233,0.05,6.922214015870646,1076.155,139.37
1506,463.10000000000025,9600,80,241,0.05,6.965801377514091,1073.243,139.16
1507,4657.399999999999,60400,485,1249,0.05,6.824052956507051,1114.2859999999998,143.23
1508,131.20000000000002,6000,50,156,0.05,7.01404027449779,1116.4719999999998,143.55
1509,302.19999999999993,7200,62,196,0.05,6.737089481888985,1088.9109999999998,140.71
1510,72.59999999999988,4300,36,131,0.05,6.440162283773641,1079.9089999999999,139.76
1511,1042.8000000000006,16000,125,355,0.05,6.521013423758493,1086.285,140.32
1512,1618.6000000000001,24300,188,511,0.05,6.480181847533134,1083.661,139.96
1513,1380.8,21900,169,465,0.05,6.496049929690617,1073.5070000000003,138.91
1514,2373.3999999999937,32800,254,677,0.05,6.505088528290809,1099.565,141.37
1515,406.0000000000003,7800,61,195,0.05,6.667352489324716,1079.2350000000004,139.15
1516,258.4999999999999,6200,51,166,0.05,6.621613281318941,1066.1630000000002,137.58
1517,1398.4000000000005,20000,152,416,0.05,6.953288261707012,1076.0990000000002,138.38
1518,53.100000000000094,4000,32,123,0.05,6.929746581286919,1070.2160000000001,137.64
1519,3660.099999999994,51200,409,1066,0.05,7.070670931021671,1065.8310000000001,137.32
1520,410.9,8100,70,217,0.05,6.9022786858993745,1010.9939999999997,131.33
1521,182.10000000000028,5600,45,155,0.05,6.631995314936484,1008.9189999999996,131.11
1522,328.5000000000001,7600,63,200,0.05,6.733864331245423,1002.3079999999999,130.4
1523,805.1,13100,114,326,0.05,6.911951710110062,1007.7879999999999,130.99
1524,-20.300000000000182,3400,29,108,0.05,7.204551718853138,1002.0779999999997,130.51
1525,350.5000000000001,8300,65,205,0.05,7.081419460947921,1000.8979999999997,130.4
1526,2933.2999999999984,40400,325,854,0.05,7.098021615863684,1008.0239999999997,131.02
1527,284.6999999999998,6400,48,161,0.05,6.97977074036687,1003.9059999999996,130.5
1528,1236.899999999999,18300,155,430,0.05,7.137689341500748,1014.3599999999996,131.56
1529,2851.399999999996,40100,322,846,0.05,7.211328268896604,1032.1809999999996,133.44
1530,978.9999999999991,16100,136,376,0.05,7.475734841316305,1040.6529999999993,134.35
1531,1604.2000000000016,24300,201,543,0.05,7.352487946961686,1053.9009999999994,135.84
1532,900.8000000000001,15100,127,357,0.05,7.214523260666876,1058.2159999999997,136.38
1533,889.1000000000005,14400,118,337,0.05,7.133966594492293,1053.4159999999997,135.81
1534,68.89999999999989,4200,36,130,0.05,7.518867870477529,1042.5789999999997,134.75
1535,-23.099999999999895,3000,26,105,0.05,7.032753780909947,1038.4179999999997,134.31
1536,1151.7000000000012,17600,152,423,0.05,7.226352936832617,1019.9459999999995,132.64
1537,611.0999999999999,10000,90,269,0.05,7.345704438517971,1020.8119999999996,132.75
1538,478.90000000000026,8800,74,228,0.05,7.015537389537744,991.4289999999995,129.68
1539,1054.599999999999,16000,135,380,0.05,6.932823701908714,976.4859999999996,128.18
1540,349.2000000000002,6600,56,182,0.05,6.856111128251631,974.5009999999996,127.91
1541,1475.5999999999992,21600,187,508,0.05,7.042617439285038,985.4639999999996,129.11
1542,5823.700000000006,79600,650,1664,0.05,6.871966206540282,1026.089,133.52
1543,2138.599999999998,32200,263,690,0.05,7.035868946711222,1033.9289999999996,134.59
1544,2732.5999999999976,38600,320,842,0.05,7.024253319391446,1062.9529999999995,137.69
1545,1309.4999999999986,19400,162,447,0.05,7.128642097682228,1070.5719999999997,138.48
1546,953.1000000000003,15400,127,358,0.05,7.12479032351318,1071.3619999999996,138.57
1547,1425.8000000000013,22200,175,477,0.05,6.857843616973429,1060.3339999999996,137.36
1548,2180.6000000000004,31200,262,696,0.05,6.95922321046906,1075.7849999999996,139.04
1549,-122.0,1500,14,74,0.05,7.28612546018652,1075.8869999999997,139.03
1550,708.6000000000001,12800,104,300,0.05,6.778300706545512,1070.4509999999998,138.49
1551,-142.9,1400,13,73,0.05,6.732220701975365,1059.701,137.38
1552,1552.499999999998,23600,198,538,0.05,6.861571116075197,1044.3469999999998,135.92
1553,7.899999999999963,3500,29,112,0.05,6.823085210153034,1043.1089999999997,135.8
1554,5218.500000000001,69800,568,1460,0.05,6.802442733392324,1085.829,140.21
1555,1768.8999999999999,26300,219,589,0.05,6.7062390652091475,1085.4819999999997,140.27
1556,1315.3999999999992,19300,163,450,0.05,6.903688432905409,1096.4929999999997,141.4
1557,2958.699999999999,40600,336,884,0.05,6.8887888236283175,1123.8499999999997,144.27
1558,1167.3999999999996,19600,152,421,0.05,6.968746518295904,1133.2129999999995,145.26
1559,1043.2999999999986,17900,141,389,0.05,6.874805557084267,1139.4039999999995,145.93
1560,1622.4000000000005,24500,195,528,0.05,6.794507734251745,1145.7459999999994,146.51
1561,1030.2000000000005,16200,131,371,0.05,6.725916245555621,1156.4169999999995,147.61
1562,258.20000000000005,6000,52,171,0.05,6.825532090594197,1134.1249999999995,145.21
1563,1104.3,16300,134,377,0.05,6.665028479750656,1138.5419999999997,145.53
1564,2875.500000000002,39200,316,833,0.05,6.643659732779678,1161.9329999999995,147.9
1565,168.5999999999999,5900,48,157,0.05,6.677904124472551,1115.8069999999996,143.14
1566,-117.0,1700,15,78,0.05,6.461708178887,1111.2629999999997,142.71
1567,507.4000000000001,9000,74,228,0.05,6.402988115946452,1116.5489999999995,143.2
1568,4545.100000000009,61100,511,1314,0.05,6.736618159387028,1156.8219999999994,147.48
1569,669.3000000000006,11800,96,283,0.05,6.96354789700188,1162.2259999999994,148.09
1570,781.7999999999995,13700,112,322,0.05,7.11140425382934,1163.5349999999996,148.3
1571,2757.799999999999,38500,306,806,0.05,6.879300791335757,1182.5629999999996,150.19
1572,1095.3,16900,141,393,0.05,6.5521076999547825,1174.6589999999999,149.43
1573,459.9000000000003,8700,69,215,0.05,6.428200220507245,1163.3559999999995,148.24
1574,1522.6999999999994,22500,176,480,0.05,6.510145072638989,1144.7599999999998,146.19
1575,1937.0999999999985,27800,236,629,0.05,6.504614888389842,1162.3779999999997,148.11
1576,487.1,9700,80,241,0.05,6.593494706134084,1157.7679999999998,147.64
1577,723.6000000000005,12600,104,302,0.05,6.608715712629406,1158.7319999999997,147.77
1578,1115.4999999999993,16900,139,390,0.05,6.53962711982238,1157.7459999999999,147.65
1579,2316.3999999999987,31700,271,719,0.05,6.75366004451757,1167.9019999999996,148.82
1580,692.7000000000003,12500,103,301,0.05,7.169146824516727,1171.1089999999995,149.16
1581,960.4999999999995,15000,121,344,0.05,6.954696998346684,1181.5319999999997,150.15
1582,1685.5999999999979,24000,203,549,0.05,6.621123759907235,1193.5169999999996,151.42
1583,252.60000000000008,6500,55,179,0.05,6.734560516293488,1178.5809999999997,149.89
1584,826.1000000000007,13500,109,303,0.05,7.03779118289255,1182.6859999999997,150.29
1585,152.8000000000001,4800,42,147,0.05,6.8464844275494015,1156.225,147.45
1586,373.79999999999995,9100,74,219,0.05,7.01771898139013,1149.4559999999997,146.86
1587,2540.699999999996,34400,292,774,0.05,6.913779986921207,1155.1869999999997,147.49
1588,217.80000000000007,5900,50,166,0.05,7.103762422699526,1141.994,146.21
1589,1742.5,26100,216,583,0.05,7.049513627080116,1147.5679999999995,146.88
1590,1079.9999999999998,16600,139,389,0.05,7.113779314379459,1156.917,147.75
1591,1230.9000000000012,18600,160,442,0.05,6.590995475177851,1163.3369999999998,148.42
1592,1544.1999999999996,22400,191,519,0.05,7.011963706485109,1157.1119999999996,147.8
1593,991.2,16300,135,378,0.05,6.90901234288695,1157.4049999999997,147.88
1594,2894.999999999998,39600,315,831,0.05,6.853267610575174,1183.5089999999996,150.4
1595,1591.799999999999,23500,196,532,0.05,7.1687499347485995,1189.3249999999998,151.03
1596,1434.0000000000005,22000,175,481,0.05,6.905385763382466,1192.5019999999997,151.3
1597,339.1000000000004,7100,61,196,0.05,6.645798164971021,1191.262,151.12
1598,2844.6999999999966,39700,323,842,0.05,6.5960030824724685,1206.8709999999999,152.86
1599,434.10000000000014,8300,73,226,0.05,6.107523549974492,1212.9229999999998,153.46
1600,2686.900000000002,37600,298,787,0.05,6.139628455781271,1234.017,155.53
1601,224.69999999999993,6000,47,159,0.05,5.946099744652802,1237.28,155.82
1602,1847.5999999999983,25600,221,595,0.05,6.355558919906616,1248.4209999999998,156.95
1603,-153.89999999999998,1700,15,73,0.05,6.336519992514832,1243.206,156.46
1604,1824.899999999998,26600,217,583,0.05,6.205837450959875,1253.112,157.39
1605,1154.3000000000009,17500,141,395,0.05,6.178686065915264,1260.3729999999998,158.02
1606,1008.1000000000009,15300,132,372,0.05,5.967271418981655,1265.8229999999999,158.54
1607,144.10000000000008,5300,42,148,0.05,6.0510302041027995,1220.6900000000003,154.11
1608,1426.0999999999979,22000,182,494,0.05,6.062339993623587,1233.6390000000001,155.43
1609,344.00000000000017,7200,64,203,0.05,5.946909413549113,1234.057,155.45
1610,1117.6999999999994,18300,148,411,0.05,5.874493960916561,1244.5080000000003,156.57
1611,243.5,6500,53,174,0.05,5.721847054602086,1236.515,155.85
1612,1056.5000000000011,16400,128,362,0.05,6.0097307329019785,1230.894,155.25
1613,2177.3999999999974,30500,255,679,0.05,5.96856963722274,1238.86,156.11
1614,259.19999999999976,6500,54,176,0.05,6.106194637038491,1217.718,154.11
1615,514.6999999999996,10200,81,244,0.05,5.899465154428951,1218.805,154.31
1616,826.8000000000002,13800,112,323,0.05,6.0650307674526065,1224.488,154.92
1617,19.99999999999993,3100,28,110,0.05,6.025948771563443,1210.7040000000002,153.68
1618,87.79999999999995,5200,41,139,0.05,5.82326395048512,1211.0510000000002,153.77
1619,355.29999999999995,7700,67,209,0.05,6.0980225464944064,1178.003,150.35
1620,1316.3000000000013,19400,163,450,0.05,6.251225615077549,1187.057,151.28
1621,573.4000000000003,10900,87,260,0.05,6.260006239781013,1190.97,151.7
1622,1438.2000000000014,21100,173,474,0.05,6.256520574605918,1202.067,152.8
1623,183.8,5000,47,159,0.05,6.354515470048916,1195.854,152.13
1624,-13.899999999999949,3900,29,108,0.05,6.366003164538631,1195.918,152.13
1625,1138.1000000000001,17800,145,405,0.05,6.292297685293503,1203.7939999999999,152.93
1626,98.69999999999997,4000,36,133,0.05,6.3540874889918735,1175.448,150.04
1627,165.7999999999999,5200,45,154,0.05,6.402041639600482,1174.2590000000002,150.01
1628,-198.8,600,6,55,0.05,6.457582863894376,1159.9020000000003,148.52
1629,765.9000000000001,12800,111,318,0.05,6.3238929210218995,1139.047,146.41
1630,686.9999999999998,12700,100,289,0.05,6.467141367572402,1136.127,146.05
1631,581.3999999999993,10800,87,260,0.05,6.4066284482295695,1125.899,144.91
1632,2269.699999999998,32000,269,715,0.05,6.329041340301087,1139.588,146.33
1633,-4.500000000000014,3200,27,109,0.05,6.387900227800421,1130.652,145.42
1634,1368.0999999999997,21600,170,468,0.05,6.424930927590427,1143.644,146.76
1635,419.60000000000036,8500,72,222,0.05,6.267663965354094,1148.0710000000001,147.22
1636,1468.6000000000022,22400,179,491,0.05,6.213641400735392,1151.24,147.49
1637,1184.9000000000008,18000,144,402,0.05,6.199745705471703,1156.978,148.03
1638,157.00000000000006,5700,47,154,0.05,6.421296164586947,1153.759,147.76
1639,943.1999999999997,15100,122,347,0.05,6.207774778607943,1152.6449999999998,147.63
1640,503.5000000000001,9100,76,232,0.05,6.385361468997495,1154.1879999999999,147.83
1641,17.599999999999994,3400,28,112,0.05,6.390238182885306,1139.608,146.24
1642,1705.000000000001,24900,211,569,0.05,6.341407367759933,1098.4210000000003,141.85
1643,3528.7000000000007,48500,396,1034,0.05,6.462127539590433,1112.3220000000001,143.18
1644,686.5000000000001,11900,101,294,0.05,6.478465340575394,1091.861,140.99
1645,1244.3999999999999,19500,162,439,0.05,6.5078245094533935,1091.21,140.99
1646,782.7000000000006,13200,108,312,0.05,6.644086409837771,1089.5059999999999,140.8
1647,683.4000000000002,11800,99,291,0.05,6.265298533685429,1082.0819999999999,140.04
1648,-4.699999999999989,4000,35,123,0.05,6.1827509926586615,1060.2289999999998,137.77
1649,316.2,6900,59,189,0.05,6.111664355747283,1064.6109999999999,138.22
1650,545.6999999999999,10500,86,257,0.05,6.224112762087514,1062.9819999999997,138.04
1651,410.3000000000002,8500,70,217,0.05,6.380283813872095,1068.5139999999997,138.61
1652,632.1000000000001,12700,102,291,0.05,6.483865313513582,1059.3099999999997,137.65
1653,367.0000000000002,7800,67,209,0.05,6.4716688491511,1062.9009999999998,138.03
1654,566.0000000000005,10800,86,250,0.05,6.706706422805786,1016.3759999999997,133.21
1655,835.9,13200,110,318,0.05,6.461178752611268,1007.0459999999996,132.12
1656,1323.2999999999986,20600,167,459,0.05,6.336137705119347,1007.1249999999997,132.16
1657,875.6999999999996,14700,127,356,0.05,6.401451618483897,986.2949999999997,130.07
1658,2257.899999999996,32400,264,701,0.05,6.439609664312953,997.1999999999997,131.19
1659,260.90000000000015,7100,58,188,0.05,6.694561499230405,989.3759999999996,130.36
1660,550.0999999999998,9800,83,250,0.05,6.528953850746155,978.6529999999996,129.24
1661,329.19999999999993,7100,60,193,0.05,6.456071946287402,971.6429999999996,128.53
1662,1971.6999999999991,30600,244,652,0.05,6.392518857871097,988.7779999999995,130.45
1663,1537.2000000000007,21800,187,510,0.05,6.316094664966359,993.1069999999995,130.98
1664,901.900000000001,14900,115,329,0.05,6.571680384204018,973.3709999999995,128.97
1665,2138.1000000000004,31500,250,665,0.05,6.431515045452835,993.0659999999996,130.99
1666,3787.799999999993,52400,421,1094,0.05,6.2666022391816165,1032.1139999999996,135.05
1667,143.4999999999999,4600,41,145,0.05,6.703842501804746,1028.4749999999995,134.72
1668,390.5000000000001,8300,68,212,0.05,6.8745179738638535,986.9289999999995,130.29
1669,186.99999999999991,5600,47,159,0.05,6.581252643897098,982.1059999999993,129.8
1670,980.8999999999995,15700,132,370,0.05,6.372776919442254,984.0969999999994,130.0
1671,1262.6000000000001,20200,162,447,0.05,6.4861076640869415,969.1449999999995,128.56
1672,663.3999999999999,11500,94,277,0.05,6.422854413194346,964.8259999999993,128.09
1673,3318.0999999999995,45500,367,960,0.05,6.111918460577726,993.4079999999993,131.07
1674,302.9000000000002,6900,60,192,0.05,6.495836324989796,981.2099999999992,129.91
1675,1100.5999999999997,17300,141,394,0.05,6.183847757160361,972.8449999999995,128.96
1676,1440.9999999999998,21200,165,452,0.05,6.206301582070578,982.3839999999993,129.81
1677,1630.3999999999976,24000,201,540,0.05,6.295543927175028,991.4519999999994,130.78
1678,1251.7000000000012,19300,158,438,0.05,6.039667341807117,992.8139999999992,130.97
1679,283.10000000000025,7700,64,194,0.05,5.958390097028201,972.4809999999994,128.9
1680,97.19999999999999,5400,43,145,0.05,5.947405081781848,966.5259999999995,128.3
1681,404.00000000000006,8400,70,214,0.05,6.334108272445536,960.9609999999994,127.79
1682,2414.6999999999944,35300,288,762,0.05,6.271028236141355,968.2519999999995,128.64
1683,708.2000000000006,11700,99,290,0.05,6.1087058626372235,972.8079999999994,129.08
1684,1452.4000000000015,21400,179,490,0.05,6.140402009535809,979.0709999999995,129.78
1685,2446.1999999999985,34000,273,726,0.05,6.104396975401676,1002.0049999999995,132.09
1686,3684.399999999999,51200,423,1093,0.05,6.1798175404296485,1035.1109999999994,135.58
1687,220.99999999999983,5700,49,165,0.05,6.548336413412383,1011.9139999999995,133.15
1688,2271.1000000000013,33500,271,713,0.05,6.568664836014136,1032.4469999999997,135.36
1689,-23.100000000000037,4100,32,119,0.05,6.1669564166990645,1014.7909999999994,133.52
1690,389.2,8300,68,209,0.05,6.472776778006668,1007.8829999999994,132.81
1691,1772.2000000000007,23800,187,505,0.05,6.22379852238268,1013.2959999999994,133.08
1692,513.0999999999999,10900,86,251,0.05,6.421097312790464,1002.9849999999992,132.03
1693,1361.9999999999986,20800,170,464,0.05,6.365079900314068,1006.6929999999994,132.38
1694,280.30000000000007,6900,57,186,0.05,6.344723957841114,980.5459999999995,129.8
1695,3480.7000000000003,47300,390,1017,0.05,6.27831538963693,999.4349999999993,131.74
1696,1154.4999999999998,18800,153,423,0.05,6.341440119641892,996.6399999999995,131.52
1697,2264.400000000001,32000,261,694,0.05,6.376417128771801,1015.8929999999995,133.52
1698,919.4999999999992,14700,127,360,0.05,6.43324034081565,996.6409999999996,131.56
1699,4139.099999999998,54800,445,1153,0.05,6.369271678916289,1033.6909999999996,135.28
1700,954.0999999999999,14600,129,366,0.05,6.472558806502754,1016.3629999999996,133.59
1701,2161.1999999999994,30100,251,669,0.05,6.759774934016001,1035.7279999999994,135.63
1702,1919.8999999999976,27000,222,595,0.05,6.81954973885993,1036.4509999999993,135.64
1703,132.90000000000003,4800,39,140,0.05,7.010142731666565,1039.3189999999993,135.88
1704,1219.8000000000009,17700,144,403,0.05,6.787311457522749,1033.2679999999993,135.15
1705,2047.099999999998,29100,232,622,0.05,6.693436143482613,1042.1959999999992,136.06
1706,1706.5999999999972,24400,194,528,0.05,6.511451548699177,1049.1809999999991,136.68
1707,727.3000000000005,12700,108,312,0.05,6.7367286903735915,1055.0129999999992,137.34
1708,1099.1000000000006,18300,146,407,0.05,6.495852363197458,1051.7429999999993,136.98
1709,720.5000000000002,11400,103,299,0.05,6.562690877595474,1055.5079999999991,137.37
1710,82.10000000000002,4200,34,126,0.05,7.319656682392908,1045.1519999999994,136.23
1711,665.2000000000002,12100,97,286,0.05,6.855341353616514,1049.3689999999995,136.67
1712,3045.3000000000025,43000,340,893,0.05,6.355057247542053,1069.2569999999994,138.79
1713,1739.699999999999,26300,214,578,0.05,6.339262326695927,1064.8799999999997,138.38
1714,1538.8000000000013,23800,186,508,0.05,6.502198378870807,1077.6759999999995,139.7
1715,636.1000000000004,11300,88,263,0.05,6.11587366314442,1078.8899999999996,139.77
1716,858.0000000000009,14700,123,340,0.05,6.266701381346759,1079.2019999999995,139.88
1717,-132.6,2200,17,80,0.05,6.138876840472221,1077.6759999999995,139.77
1718,1118.199999999999,17900,146,406,0.05,6.1516915142829784,1087.9799999999996,140.82
1719,3460.5999999999954,47200,380,988,0.05,6.081592318258788,1119.0329999999994,143.95
1720,391.8000000000003,9200,75,222,0.05,6.021407228332382,1109.7879999999996,143.07
1721,1850.599999999999,27700,224,599,0.05,5.880846650453163,1122.5599999999995,144.44
1722,512.0000000000001,9000,79,238,0.05,5.459334337410807,1113.2979999999995,143.5
1723,1765.9000000000015,25600,213,575,0.05,5.802954538594122,1129.1189999999997,145.16
1724,1910.399999999997,26900,229,616,0.05,5.707099134658838,1148.3619999999996,147.16
1725,777.4999999999994,13000,109,316,0.05,5.850822387616845,1144.7559999999999,146.8
1726,780.4000000000003,12700,106,304,0.05,6.006528178327962,1151.5729999999996,147.5
1727,999.3999999999993,16300,130,366,0.05,5.885453504942805,1159.9089999999997,148.35
1728,-143.99999999999997,1300,13,74,0.05,5.948900854265368,1160.4569999999994,148.42
1729,1700.7999999999984,24600,206,557,0.05,5.868752219732617,1169.8059999999996,149.37
1730,1220.5000000000002,18600,154,425,0.05,5.994160500694724,1175.1409999999996,149.91
1731,108.90000000000006,4400,39,138,0.05,5.890839960264123,1170.4159999999993,149.43
1732,58.69999999999996,4000,34,125,0.05,5.710544496536255,1148.3059999999996,147.08
1733,618.6000000000003,11500,95,280,0.05,5.759904596635273,1154.5369999999996,147.76
1734,487.3999999999995,10100,80,233,0.05,5.827069493322413,1145.7299999999993,146.86
1735,130.4,5300,43,146,0.05,6.034926372031643,1142.8379999999993,146.57
1736,1632.8999999999996,23800,194,527,0.05,6.0784019220486085,1144.480999999999,146.72
1737,239.3000000000001,6800,59,180,0.05,6.298371765348646,1135.0249999999992,145.87
1738,3725.1999999999966,51300,415,1078,0.05,6.291950352780231,1170.7069999999992,149.55
1739,578.9000000000001,10900,94,274,0.05,6.345434771837109,1167.0639999999992,149.27
1740,1828.299999999996,28000,231,607,0.05,6.3327664390230884,1180.311999999999,150.82
1741,1106.7999999999993,17100,139,390,0.05,6.051876066281245,1191.2039999999993,151.93
1742,1678.6000000000001,24500,202,547,0.05,5.795443581052846,1190.9399999999991,151.84
1743,290.1999999999998,6700,59,187,0.05,6.010974354922452,1158.5549999999994,148.47
1744,1346.6,19800,164,453,0.05,5.852687369908718,1165.1559999999993,149.1
1745,426.2,8700,74,225,0.05,6.190237596299913,1156.9739999999993,148.22
1746,1238.6000000000001,19300,160,440,0.05,5.960010930624875,1161.5329999999992,148.74
1747,640.3000000000003,11100,90,266,0.05,5.949851387425473,1161.1019999999994,148.65
1748,378.39999999999986,8700,68,208,0.05,5.931726908454528,1164.9329999999995,148.98
1749,1553.399999999999,22300,190,516,0.05,5.585491344448208,1177.3049999999994,150.29
1750,352.7999999999996,8300,68,209,0.05,5.584709307793795,1175.3759999999993,150.11
1751,26.300000000000068,4000,34,122,0.05,6.204811387374753,1171.5359999999994,149.75
1752,561.9000000000005,10100,86,256,0.05,6.154627479612827,1170.8339999999992,149.59
1753,229.9999999999999,5900,52,171,0.05,5.932979652059008,1169.4639999999993,149.44
1754,352.50000000000017,7900,68,211,0.05,6.1476194157984585,1167.3289999999993,149.26
1755,234.29999999999987,6100,52,173,0.05,6.155375320787375,1161.3129999999992,148.68
1756,337.40000000000026,7500,62,197,0.05,6.408324908484057,1151.4539999999993,147.63
1757,354.69999999999993,7600,65,205,0.05,6.11929976067892,1146.2439999999995,147.01
1758,1121.8999999999992,17300,148,412,0.05,6.328820917791533,1134.883999999999,145.85
1759,1828.9000000000003,27200,220,593,0.05,6.061895335504619,1150.5639999999992,147.47
1760,154.70000000000024,5300,44,149,0.05,6.230299527213077,1146.6099999999992,147.08
1761,754.2,12200,104,302,0.05,6.242616106342796,1150.8599999999992,147.52
1762,206.79999999999993,5100,41,144,0.05,6.404399641686016,1133.210999999999,145.49
1763,1397.9000000000005,20900,176,483,0.05,6.252968139036349,1131.817999999999,145.38
1764,487.3000000000005,10600,84,247,0.05,6.250597264602599,1127.6719999999991,145.07
1765,312.3000000000001,6600,58,188,0.05,6.155737406395851,1109.413999999999,143.15
1766,385.6000000000002,7800,69,213,0.05,6.4423626017682425,1075.3919999999996,139.63
1767,500.0,9500,79,239,0.05,6.486522785290514,1078.9569999999994,140.01
1768,304.7,6900,55,181,0.05,6.455205498479348,1078.0989999999993,139.88
1769,2234.1999999999975,30900,265,701,0.05,6.413956863223741,1098.5709999999992,142.06
1770,1544.3999999999987,23000,195,531,0.05,6.468661489684254,1104.2059999999992,142.69
1771,356.39999999999986,7200,64,200,0.05,6.415132107734681,1095.143999999999,141.71
1772,1677.2000000000007,24500,197,536,0.05,6.2041530933842735,1105.281999999999,142.74
1773,455.59999999999997,9600,78,237,0.05,5.953224271661622,1076.6569999999992,139.85
1774,1475.6000000000008,21300,177,484,0.05,5.997546858038784,1088.383999999999,141.02
1775,1423.5999999999985,22800,188,501,0.05,5.93315116231313,1091.6139999999994,141.49
1776,-194.40000000000003,1600,15,76,0.05,6.340978089131807,1075.2599999999993,139.99
1777,300.3000000000002,6800,58,186,0.05,5.853491360141385,1061.9589999999996,138.56
1778,-94.30000000000001,2100,19,87,0.05,6.068624712954993,1048.4989999999993,137.17
1779,1522.6000000000004,23600,189,513,0.05,5.787074242883723,1060.8939999999996,138.42
1780,567.9000000000007,10000,84,253,0.05,5.990957870784955,1065.6009999999994,138.83
1781,429.2999999999999,8500,74,224,0.05,5.978763619703906,1065.8539999999996,138.87
1782,969.2999999999996,15500,129,364,0.05,5.664828975122053,1051.3999999999996,137.28
1783,927.5000000000002,14400,122,347,0.05,5.804531247883777,1053.5929999999996,137.51
1784,723.6999999999999,12300,100,291,0.05,5.667136307844181,1046.3059999999996,136.72
1785,606.3999999999996,10300,90,267,0.05,5.902358084582211,1027.9079999999997,134.89
1786,-169.10000000000002,1200,12,69,0.05,5.715097064557283,989.3729999999997,130.78
1787,555.4999999999998,9600,89,263,0.05,5.674967320699656,992.7179999999997,131.18
1788,1588.1999999999996,23800,198,529,0.05,5.787302714890478,985.8889999999997,130.45
1789,2084.5999999999976,29200,247,660,0.05,5.64452089251894,1006.9659999999997,132.6
1790,715.500000000001,12200,104,301,0.05,5.515662968752788,1010.2289999999995,132.96
1791,1688.1,24100,196,532,0.05,5.495867110732803,1009.3879999999995,133.05
1792,2950.200000000001,40800,333,876,0.05,5.7524443962802625,1033.7589999999993,135.52
1793,9.800000000000026,3400,30,115,0.05,6.00570739870486,1020.2369999999994,134.12
1794,3068.5999999999995,42700,345,905,0.05,6.289475076106372,1048.1199999999992,137.0
1795,932.3999999999999,15100,123,350,0.05,6.1939623859950474,1022.6369999999997,134.33
1796,986.5000000000001,16100,133,375,0.05,5.9340249506632485,1020.9569999999997,134.13
1797,1794.9999999999993,26300,214,579,0.05,6.0041801797705405,1016.2629999999997,133.66
1798,1385.7,20100,170,467,0.05,6.079704215746109,1020.9249999999997,134.09
1799,1121.3,17500,144,404,0.05,5.949633779502151,990.7469999999997,131.08
1800,3351.199999999993,45200,371,967,0.05,6.133321296096218,1014.7179999999998,133.5
1801,1046.2,16500,131,371,0.05,6.546628830567846,1003.5679999999998,132.3
1802,5658.299999999996,75200,603,1549,0.05,6.570754356889127,1040.9520000000002,136.11
1803,2661.900000000002,37900,299,788,0.05,6.504002609228725,1066.2420000000002,138.71
1804,721.6999999999999,11700,93,274,0.05,6.467751622200012,1061.2609999999997,138.2
1805,-35.19999999999999,2700,24,100,0.05,6.333336992263794,1040.4379999999996,136.12
1806,239.90000000000003,6500,56,181,0.05,6.350308007298254,1025.7709999999997,134.74
1807,2890.299999999997,41100,330,866,0.05,6.576948785891984,1047.4009999999998,136.96
1808,3384.2999999999997,46500,378,987,0.05,6.890882423945835,1070.2529999999997,139.28
1809,758.9000000000002,12900,105,306,0.05,7.180302845107184,1070.6369999999997,139.3
1810,-156.7,1100,10,67,0.05,7.2102352149450954,1068.2489999999996,139.06
1811,815.5000000000007,14400,115,330,0.05,6.981559900803999,1069.7519999999997,139.24
1812,2141.3999999999996,29900,253,674,0.05,6.845588093695372,1060.713,138.37
1813,225.89999999999995,6200,51,169,0.05,7.191986814758481,1045.5749999999998,136.74
1814,1164.2000000000019,18700,155,427,0.05,7.247436022590977,1041.8289999999997,136.43
1815,6223.500000000009,81700,687,1760,0.05,7.014210235395215,1097.703,142.42
1816,156.40000000000006,5400,45,153,0.05,7.163807120977664,1090.687,141.64
1817,816.4,13200,112,320,0.05,7.251068381220103,1100.177,142.59
1818,1516.4999999999993,22700,187,508,0.05,6.772510961754116,1104.1599999999996,143.0
1819,1635.9000000000021,23400,203,549,0.05,6.975556657179674,1085.9129999999998,141.23
1820,630.0000000000002,12200,98,288,0.05,6.953494637376732,1088.2949999999996,141.46
1821,111.50000000000007,4400,37,134,0.05,7.0792451385241835,1070.9039999999998,139.59
1822,831.3999999999993,13500,112,322,0.05,7.264782250297736,1074.0979999999997,139.92
1823,2518.9,34800,285,756,0.05,7.016675925128674,1081.6279999999995,140.64
1824,1355.5000000000005,19700,168,462,0.05,7.007957042037667,1076.0789999999997,140.03
1825,1517.2999999999997,21600,179,487,0.05,7.155377083980082,1083.4769999999996,140.73
1826,856.7000000000004,14200,116,331,0.05,7.3630954066792285,1084.2399999999996,140.83
1827,309.80000000000024,7900,65,198,0.05,7.20763038384794,1077.3439999999996,140.18
1828,820.8999999999997,14200,120,339,0.05,7.176654894443388,1086.9929999999995,141.25
1829,2227.199999999997,30600,245,650,0.05,7.117938454334553,1092.2569999999996,141.64
1830,1524.7999999999986,22800,182,493,0.05,7.224114792825726,1095.2999999999997,141.92
1831,748.6000000000006,14200,112,318,0.05,7.1603405842990995,1101.697,142.65
1832,-60.900000000000034,3100,26,101,0.05,7.002884177878352,1100.5009999999997,142.57
1833,324.0999999999998,7600,63,199,0.05,7.34484410046333,1097.5559999999998,142.25
1834,1738.8999999999985,25700,209,565,0.05,7.035024729028212,1110.0709999999997,143.54
1835,249.79999999999998,6200,52,171,0.05,6.857756282851013,1111.2649999999999,143.63
1836,3354.6999999999953,46100,375,980,0.05,6.9345445202321425,1128.4829999999997,145.44
1837,-79.30000000000001,2200,19,88,0.05,7.139606974341652,1125.2969999999996,145.04
1838,3017.300000000002,40500,328,859,0.05,6.645802218922358,1118.2179999999998,144.17
1839,80.09999999999988,3900,31,118,0.05,6.543713822203167,1113.2299999999998,143.54
1840,423.5999999999998,8800,71,219,0.05,6.650619436072432,1099.183,141.94
1841,2243.0999999999963,30500,258,688,0.05,6.690250652474027,1110.5459999999998,143.13
1842,550.5,9700,78,235,0.05,6.300346613944845,1099.2649999999999,141.89
1843,525.4000000000002,10200,83,246,0.05,6.410562186706357,1101.6169999999997,142.13
1844,339.1,7200,61,193,0.05,6.585977992863235,1091.5419999999997,141.1
1845,1665.7999999999988,25200,208,562,0.05,6.7331480118727765,1103.9379999999999,142.44
1846,831.6000000000004,12800,108,312,0.05,6.383723083979044,1099.868,141.92
1847,249.49999999999972,6700,55,175,0.05,6.435175372532436,1095.96,141.57
1848,276.7000000000001,6500,58,188,0.05,6.750709815228239,1094.943,141.47
1849,1654.399999999998,24000,195,530,0.05,6.518824594875552,1095.953,141.52
1850,1462.4999999999986,21800,185,503,0.05,6.634015557306188,1107.05,142.69
1851,1270.5000000000007,18900,157,434,0.05,6.728555118982693,1119.4919999999997,143.92
1852,3182.7000000000003,44900,362,945,0.05,6.572463025743999,1145.6999999999998,146.68
1853,2178.499999999998,31300,256,681,0.05,6.9017979920173005,1165.185,148.72
1854,2207.299999999996,31500,258,687,0.05,6.350579775056464,1183.733,150.62
1855,1286.0999999999995,19700,163,449,0.05,6.436944618522457,1194.251,151.73
1856,3906.299999999999,53500,427,1110,0.05,6.529783652924203,1229.94,155.38
1857,695.3000000000004,12800,101,293,0.05,6.661378794562695,1233.346,155.74
1858,3860.7999999999965,53400,427,1110,0.05,6.360891187083614,1260.7350000000001,158.53
1859,1687.4999999999986,24800,199,538,0.05,6.438078432278119,1259.3210000000001,158.32
1860,3127.200000000001,44500,353,922,0.05,6.388178134429998,1289.0460000000003,161.41
1861,256.3000000000002,7400,58,184,0.05,6.161860434905343,1284.0670000000002,160.95
1862,1216.7999999999975,19100,149,413,0.05,6.308584519217725,1294.1670000000001,162.03
1863,586.8000000000003,12900,100,278,0.05,6.268659176586343,1286.0560000000003,161.27
1864,3710.399999999997,49900,417,1082,0.05,6.2802909284334305,1318.287,164.6
1865,915.2999999999996,15600,126,355,0.05,6.303449721403525,1324.317,165.28
1866,402.50000000000017,8100,70,214,0.05,6.221086056432991,1324.486,165.29
1867,44.00000000000003,3400,30,117,0.05,6.309722786275749,1319.9260000000002,164.8
1868,737.2999999999996,12600,107,302,0.05,6.212454721627646,1324.2520000000002,165.32
1869,-83.29999999999998,3900,32,107,0.05,6.15867154174876,1301.0770000000002,162.99
1870,177.29999999999995,5600,44,150,0.05,6.185986653963725,1287.4060000000004,161.48
1871,1880.0999999999983,28200,226,607,0.05,6.214089980039015,1302.6430000000003,163.1
1872,979.0000000000001,15100,123,350,0.05,6.18724096093859,1295.6610000000003,162.36
1873,1131.8999999999992,18000,146,408,0.05,6.327471571810105,1302.4240000000002,163.04
1874,1897.9000000000005,27900,229,612,0.05,6.375334093773287,1306.6470000000002,163.56
1875,1499.0999999999988,21600,178,488,0.05,6.448230953978711,1307.4020000000003,163.46
1876,2038.3999999999992,29900,242,646,0.05,6.252212207383785,1329.7300000000002,165.73
1877,-27.700000000000003,2800,25,105,0.05,6.383666563034057,1326.4500000000003,165.4
1878,-4.09999999999998,3000,26,107,0.05,6.130316368887358,1327.352,165.47
1879,2238.3,31900,265,705,0.05,6.364833765503363,1334.5090000000002,166.23
1880,500.6999999999998,9200,78,238,0.05,6.448332090337737,1333.8370000000004,166.17
1881,1302.6,18700,155,431,0.05,6.251980589050151,1342.5700000000004,166.98
1882,1125.6000000000006,16900,142,395,0.05,6.020925488653062,1344.1330000000005,167.11
1883,4690.000000000005,66400,528,1357,0.05,6.127055947185002,1381.7580000000003,171.17
1884,1026.3,16600,137,384,0.05,6.156976035485665,1384.7840000000003,171.54
1885,1845.1000000000006,27100,214,574,0.05,6.100151955042982,1397.1710000000003,172.78
1886,-32.00000000000003,2300,22,98,0.05,6.379133701324463,1398.5420000000001,172.88
1887,522.8999999999997,9300,80,243,0.05,6.137867438940354,1398.2160000000001,172.79
1888,931.7999999999994,16000,131,370,0.05,6.09542366105157,1391.652,172.12
1889,595.1000000000001,10200,88,261,0.05,6.296654188769987,1376.757,170.53
1890,72.39999999999993,4000,33,125,0.05,6.27053201675415,1370.326,169.82
1891,396.10000000000014,8300,72,224,0.05,6.270666785538197,1357.406,168.58
1892,64.50000000000001,4000,34,125,0.05,6.226487575531006,1328.5490000000002,165.59
1893,2195.299999999994,31600,254,676,0.05,5.938525509552138,1350.404,167.83
1894,1306.3000000000002,19700,161,444,0.05,5.984322713839041,1332.781,165.99
1895,2375.0999999999967,34800,276,731,0.05,5.920644890267285,1347.208,167.52
1896,617.3999999999996,11100,90,264,0.05,5.930909519845789,1343.517,167.09
1897,1600.1999999999991,23000,191,521,0.05,5.909666489273481,1341.5690000000002,166.86
1898,2481.7,35100,294,776,0.05,5.924539380774055,1352.5290000000002,168.1
1899,753.6000000000006,13000,107,308,0.05,5.983903492425943,1348.852,167.73
1900,99.60000000000005,4700,38,138,0.05,5.818127956943235,1316.336,164.4
1901,556.2000000000002,9300,78,237,0.05,6.044555347177047,1311.4360000000001,163.87
1902,716.7000000000002,12400,101,295,0.05,6.373054530256885,1262.0199999999998,158.85
1903,3430.6000000000013,46100,379,989,0.05,6.074270365332207,1269.7069999999997,159.65
1904,465.6000000000002,9200,77,233,0.05,6.0120041922949925,1267.1459999999997,159.49
1905,197.69999999999976,5600,46,157,0.05,6.0367404822331325,1269.475,159.71
1906,1575.099999999999,24500,194,525,0.05,6.124196358635312,1282.8269999999998,161.09
1907,422.60000000000014,8700,75,228,0.05,5.955289988141311,1258.1499999999999,158.54
1908,1162.3,17200,144,401,0.05,6.079969500662977,1235.9299999999998,156.2
1909,928.8999999999993,15600,130,366,0.05,6.146353399818712,1237.6299999999997,156.45
1910,1537.9,23400,189,514,0.05,6.142817164209566,1254.5759999999998,158.24
1911,749.3999999999995,12300,102,298,0.05,5.99021723126405,1253.9149999999995,158.11
1912,46.199999999999875,4300,34,122,0.05,5.9265898876502865,1232.9629999999995,155.92
1913,252.6000000000001,6400,54,176,0.05,6.101535467938944,1233.2299999999998,155.95
1914,251.50000000000009,6400,52,173,0.05,6.247789665453696,1224.1029999999998,154.92
1915,574.5,10000,87,260,0.05,6.048167612919441,1167.6129999999996,148.92
1916,1319.1000000000004,19600,163,452,0.05,6.330148393073968,1179.2399999999996,150.1
1917,2330.4999999999977,32300,259,687,0.05,6.487796469373301,1194.3809999999996,151.57
1918,4888.400000000001,64900,521,1342,0.05,6.479801293279304,1228.0999999999997,154.91
1919,879.7000000000003,13800,119,340,0.05,6.692342019081115,1220.5379999999996,154.07
1920,2235.2999999999997,30700,252,672,0.05,6.569815695285797,1236.5909999999997,155.61
1921,284.99999999999994,6900,59,189,0.05,6.384362046680753,1238.3259999999998,155.83
1922,2203.499999999998,31700,259,687,0.05,6.538161284017771,1252.0469999999996,157.3
1923,2836.5000000000005,39200,330,867,0.05,6.650846151057137,1255.2229999999997,157.75
1924,1239.4000000000003,19000,154,428,0.05,6.481640362293921,1254.0619999999997,157.61
1925,3067.7,42100,348,911,0.05,6.504188522156716,1269.5659999999998,159.3
1926,104.40000000000006,4700,39,138,0.05,6.547176860380864,1262.0429999999997,158.53
1927,1362.7999999999988,20500,172,471,0.05,6.432101327649094,1272.5729999999996,159.6
1928,349.2999999999999,7400,63,200,0.05,6.52207678437233,1267.8569999999997,159.03
1929,842.1000000000001,13200,111,320,0.05,6.456157778203488,1254.0059999999999,157.69
1930,-79.1,1900,16,81,0.05,5.856053408281303,1237.9669999999999,156.03
1931,695.5000000000008,12500,100,293,0.05,6.179302349839194,1237.4359999999997,155.91
1932,799.5000000000002,13700,115,325,0.05,6.413787967975323,1246.04,156.8
1933,1280.8999999999992,19200,155,431,0.05,6.553787165617445,1255.6079999999997,157.72
1934,630.0,12000,92,268,0.05,6.688613277762683,1244.5189999999996,156.55
1935,390.80000000000007,8100,68,213,0.05,6.367377165897351,1245.9289999999999,156.71
1936,790.2000000000005,13500,109,314,0.05,6.2184567891868054,1220.2839999999999,154.05
1937,735.7000000000002,13600,111,311,0.05,6.4465374187641205,1228.4339999999997,154.97
1938,-22.800000000000026,2900,23,98,0.05,6.533071440093371,1198.0329999999997,151.92
1939,131.40000000000032,6400,52,160,0.05,6.334779946506023,1198.5459999999996,152.13
1940,212.4000000000002,6300,51,168,0.05,6.103816242445083,1196.4339999999995,151.93
1941,-145.8,1300,12,69,0.05,6.148767820302991,1172.5449999999996,149.47
1942,336.9000000000003,7800,64,202,0.05,6.130164271534079,1170.4089999999994,149.33
1943,1075.5000000000005,16900,138,387,0.05,6.2022010700955255,1175.9099999999994,149.88
1944,34.79999999999991,4200,34,119,0.05,6.286581858867357,1172.8669999999995,149.61
1945,111.6,4200,40,141,0.05,6.204085427818569,1157.3249999999998,147.93
1946,529.7999999999997,9100,74,228,0.05,6.312834208471733,1154.3069999999998,147.59
1947,303.9,6200,57,184,0.05,6.588121972654177,1154.8509999999997,147.61
1948,904.2000000000003,15200,124,351,0.05,6.471903116275103,1161.1259999999995,148.27
1949,1516.0,22500,183,500,0.05,6.650756044387817,1159.7419999999997,148.15
1950,1683.499999999998,25000,203,551,0.05,6.282331127436754,1161.9519999999998,148.33
1951,-11.0,3000,27,107,0.05,6.365960085503409,1149.1369999999997,147.03
1952,1386.0000000000007,20600,165,450,0.05,6.365944365925259,1131.1699999999994,145.06
1953,-128.29999999999998,1500,14,75,0.05,6.0221249071757,1108.1019999999994,142.64
1954,4261.699999999997,58000,483,1251,0.05,6.441482719281118,1128.6459999999993,144.89
1955,1032.1000000000001,16600,134,376,0.05,6.655136008845999,1126.105999999999,144.6
1956,16.100000000000037,3500,28,111,0.05,7.029755794250213,1087.2039999999995,140.61
1957,840.8999999999993,13800,117,334,0.05,6.678582242862907,1088.6599999999992,140.77
1958,159.99999999999986,5200,45,153,0.05,6.719571992462757,1051.6519999999994,136.95
1959,45.99999999999997,3600,31,119,0.05,6.134559150503463,1035.2369999999994,135.27
1960,-107.6,2000,17,79,0.05,6.098912009709998,1002.8889999999993,131.91
1961,1263.1999999999994,18800,158,436,0.05,6.299429275027109,1012.9579999999993,132.91
1962,495.50000000000034,8800,76,231,0.05,6.08077393672167,1005.7449999999993,132.18
1963,682.1999999999996,11500,97,285,0.05,6.206763577879521,1006.6989999999992,132.15
1964,3138.7000000000003,42100,352,920,0.05,6.177826991288558,1000.9819999999993,131.5
1965,1972.6000000000013,27700,229,615,0.05,6.367729467298926,1011.5549999999993,132.53
1966,1013.7,15200,130,368,0.05,6.339236088421034,1017.6669999999992,133.13
1967,86.29999999999998,4200,36,130,0.05,6.3188014654012825,1018.0899999999992,133.19
1968,2811.9000000000037,40000,318,835,0.05,6.058072221207762,1038.8359999999993,135.3
1969,464.70000000000005,9100,78,236,0.05,6.124357844813395,1044.3159999999993,135.76
1970,365.6000000000002,8700,74,218,0.05,5.995761536676949,1046.1989999999994,136.06
1971,595.7999999999997,10300,89,262,0.05,5.949824739958494,1033.3559999999995,134.69
1972,1140.0,17100,148,411,0.05,6.0250917716618,1034.9659999999997,134.94
1973,175.6,4900,43,150,0.05,6.034543313980103,1025.4029999999998,133.91
1974,20.499999999999986,3100,26,108,0.05,5.9771182625382036,1006.6289999999998,131.88
1975,1066.7999999999993,17000,141,388,0.05,5.997971583887474,1002.3059999999998,131.51
1976,401.5000000000001,9700,79,228,0.05,6.2230725706669325,985.937,129.88
1977,1581.6999999999987,23600,188,512,0.05,6.255223628599197,1002.031,131.51
1978,1060.9000000000003,16900,138,387,0.05,5.977662448735201,1012.6809999999998,132.63
1979,532.3000000000003,9300,75,232,0.05,5.762572969855933,995.6209999999999,130.73
1980,209.7999999999999,6300,52,170,0.05,5.9791809895459345,992.712,130.47
1981,1067.0,15300,126,356,0.05,5.944638125682145,990.3560000000001,130.18
1982,2482.400000000001,35400,282,747,0.05,5.825493044004223,1003.9239999999998,131.58
1983,1441.6,20900,176,484,0.05,6.025426152816489,971.44,128.06
1984,418.8999999999999,8100,71,220,0.05,5.985407587614927,965.3659999999999,127.4
1985,324.3000000000003,7200,62,197,0.05,6.138731423973432,950.1579999999999,125.88
1986,490.4999999999999,9900,81,243,0.05,6.059403677536136,955.3829999999999,126.47
1987,3533.1000000000004,49200,397,1035,0.05,5.969763141668937,985.4849999999999,129.64
1988,1203.7000000000003,18400,156,431,0.05,6.0616774979434265,988.204,129.89
1989,610.5000000000005,11600,97,280,0.05,5.936044029678617,988.3579999999998,129.98
1990,842.3,13100,111,317,0.05,5.879126939863813,996.057,130.76
1991,1109.1000000000008,17000,138,386,0.05,5.931861876823741,1003.187,131.42
1992,889.1000000000004,14900,121,341,0.05,6.13599101609149,1011.433,132.29
1993,1302.799999999999,19700,165,455,0.05,5.906435392715118,1002.5080000000002,131.4
1994,1759.6999999999987,26700,212,571,0.05,6.024689440134319,1007.0420000000001,131.91
1995,632.2,11500,93,274,0.05,6.00080827813949,989.6130000000002,130.08
1996,213.99999999999994,5800,51,170,0.05,6.06128601326662,985.5790000000001,129.69
1997,706.3999999999994,11900,97,284,0.05,5.985777054034489,976.6410000000001,128.75
1998,78.20000000000002,4400,37,132,0.05,5.939283842390234,952.6060000000001,126.18
1999,1519.199999999997,21900,183,500,0.05,5.888697862625122,960.262,126.94
2000,-39.40000000000002,2400,21,94,0.05,5.957506955938136,958.872,126.77
2001,-33.5000000000001,3500,27,104,0.05,5.662692771508143,952.975,126.26
2002,995.3000000000006,16000,134,376,0.05,5.7856425852217575,955.7610000000001,126.59
2003,1071.4,17200,143,399,0.05,5.97938324933064,932.169,124.23
2004,913.8000000000001,15400,125,355,0.05,6.4570888888668,936.651,124.71
2005,1932.7999999999975,30100,245,641,0.05,6.315959141890456,954.0019999999998,126.7
2006,295.2,6500,60,192,0.05,6.164198514074087,941.2029999999997,125.36
2007,197.39999999999998,5000,45,155,0.05,6.1508492392878376,938.9509999999998,125.06
2008,3679.4999999999995,51600,416,1082,0.05,6.034418420077692,964.1229999999997,127.78
2009,961.5,15500,127,357,0.05,5.934202275022405,964.4489999999998,127.75
2010,1299.4000000000008,18800,153,425,0.05,5.8514305064257455,962.064,127.39
2011,227.70000000000016,6700,53,172,0.05,6.228603346403255,956.8469999999999,126.9
2012,342.9000000000002,6600,62,197,0.05,6.1609203452386225,959.8139999999999,127.18
2013,756.4000000000004,13100,109,314,0.05,6.257086225376008,964.8519999999999,127.73
2014,546.5999999999998,10100,85,255,0.05,6.218825412264057,967.8029999999999,128.06
2015,3030.399999999998,42400,342,892,0.05,5.999466662716973,992.3619999999999,130.61
2016,100.39999999999995,4400,38,137,0.05,6.393357209045521,980.1749999999997,129.36
2017,655.6000000000007,12000,93,275,0.05,6.284615745544434,963.4259999999998,127.7
2018,1041.0999999999995,16000,131,368,0.05,6.251418394239052,924.9529999999997,123.8
2019,1117.8999999999992,18300,145,400,0.05,6.063385524153709,927.3349999999996,124.06
2020,2215.3,31900,254,675,0.05,6.206475007092512,927.1349999999994,124.08
2021,1680.2,25400,205,552,0.05,6.458722987036774,941.0869999999995,125.54
2022,778.7,12600,103,300,0.05,6.201326920191447,926.8389999999995,123.98
2023,751.9999999999994,12600,101,294,0.05,6.185519975058886,905.9939999999997,121.69
2024,1318.1999999999987,20200,167,459,0.05,5.954703685245223,906.7819999999996,121.82
2025,981.3000000000002,15500,127,360,0.05,6.073844613631566,885.9179999999996,119.61
2026,1603.4999999999986,23800,195,530,0.05,6.357519978397297,900.9089999999995,121.17
2027,1214.3999999999974,18100,139,387,0.05,6.290281974067984,899.4249999999996,120.84
2028,1752.5,25800,212,571,0.05,6.188007862889412,913.4569999999995,122.33
2029,1415.8000000000013,20800,174,477,0.05,5.937867345050196,919.1939999999995,122.96
2030,1129.3999999999994,17700,144,402,0.05,5.873475058161797,931.2789999999995,124.24
2031,1373.8999999999992,20700,177,483,0.05,6.070349601484974,938.0629999999994,125.01
2032,3175.0999999999976,45400,360,940,0.05,5.925922724033924,961.8189999999994,127.46
2033,271.9000000000001,6100,52,172,0.05,5.95764404673909,951.7289999999994,126.43
2034,605.6000000000003,10700,92,270,0.05,6.004367038938734,951.4849999999994,126.43
2035,1473.7999999999986,22100,177,486,0.05,5.982995667575318,962.3149999999996,127.52
2036,892.0000000000002,14800,124,353,0.05,5.678085136683737,963.3329999999994,127.67
2037,-92.90000000000002,1900,19,88,0.05,6.19223932244561,955.0469999999997,126.75
2038,883.4999999999999,14000,115,329,0.05,6.045296508128158,964.1099999999996,127.67
2039,648.8999999999996,11600,99,288,0.05,6.012423650258118,969.2849999999995,128.14
2040,129.8000000000001,5200,41,143,0.05,6.381829845321762,968.4589999999996,128.04
2041,911.7999999999996,15200,126,356,0.05,6.201454970274079,979.0349999999995,129.18
2042,850.9999999999998,13100,116,332,0.05,6.070967605315059,984.1759999999996,129.7
2043,959.0999999999996,14600,113,325,0.05,6.257076121843778,983.0119999999997,129.45
2044,780.8000000000002,12500,102,298,0.05,5.824143932169716,990.4719999999996,130.13
2045,711.7,11300,96,284,0.05,5.996955333461224,996.4729999999996,130.69
2046,2741.100000000001,37000,303,800,0.05,6.379836088120937,1018.5859999999998,132.98
2047,315.0,7400,62,193,0.05,6.590207955997842,1018.6969999999997,133.03
2048,1424.7999999999997,21100,172,473,0.05,6.262394505373772,1023.9029999999998,133.51
2049,89.90000000000008,4900,38,133,0.05,6.312926252981774,1009.6419999999997,132.06
2050,2156.3999999999983,30900,253,674,0.05,6.33502855711238,1014.3709999999996,132.56
2051,1130.8,17300,146,408,0.05,6.944363499388976,1025.7889999999998,133.75
2052,108.40000000000008,4300,36,133,0.05,6.31442417775778,1013.0129999999996,132.46
2053,1653.7000000000005,22600,183,498,0.05,6.337772805527989,1030.8329999999996,134.15
2054,125.80000000000013,4600,40,139,0.05,6.572789432333527,989.4739999999997,129.72
2055,1874.000000000001,27500,224,601,0.05,6.5051913789028735,997.8929999999996,130.62
2056,1520.1000000000006,23600,188,511,0.05,6.305661906934764,1012.9329999999998,132.22
2057,2038.6999999999998,27900,232,622,0.05,6.242806530075441,1024.9109999999998,133.37
2058,467.3000000000001,9300,77,234,0.05,6.205303929809832,1027.9839999999997,133.69
2059,693.6000000000001,12400,103,298,0.05,6.4753545226666755,1034.4599999999998,134.41
2060,1851.5999999999997,27700,220,589,0.05,6.493883892716697,1054.052,136.44
2061,1861.2999999999986,26800,219,587,0.05,6.730520671230361,1060.033,137.05
2062,1322.0999999999995,19900,157,434,0.05,6.687165455334747,1068.299,137.86
2063,237.10000000000016,6000,52,171,0.05,6.502156417969375,1063.8480000000002,137.41
2064,387.39999999999964,7400,62,197,0.05,6.701978894054587,1036.335,134.51
2065,347.9000000000003,7800,65,202,0.05,6.46514357906757,1020.0880000000001,132.87
2066,152.19999999999993,4700,43,151,0.05,6.393924141561748,1011.4730000000001,132.0
2067,654.1999999999997,11400,97,286,0.05,6.905836988162328,1017.1519999999999,132.61
2068,610.0000000000001,10500,93,276,0.05,6.852832027967425,995.133,130.36
2069,1064.6000000000006,16100,123,347,0.05,6.929820325944884,1001.1320000000001,130.81
2070,3920.7000000000025,52100,437,1134,0.05,6.955043143696255,1036.683,134.44
2071,1441.8000000000006,22000,174,476,0.05,6.543481279321077,1045.1430000000003,135.29
2072,433.3000000000002,8600,74,225,0.05,6.559547309875488,1038.076,134.55
2073,1374.1999999999994,20100,172,472,0.05,6.7762900277719655,1050.0620000000001,135.84
2074,630.7000000000002,10500,88,260,0.05,6.62995471404149,1056.164,136.46
2075,95.00000000000001,4100,35,131,0.05,7.0889566945665665,1046.4460000000001,135.4
2076,4244.599999999998,57300,456,1180,0.05,6.985398876060874,1084.877,139.17
2077,406.9000000000003,8200,70,217,0.05,7.4174807258465325,1073.129,137.99
2078,456.2,9400,79,238,0.05,7.179662320794177,1067.0819999999999,137.4
2079,431.39999999999986,9500,80,238,0.05,7.505592020619817,1066.0729999999999,137.45
2080,792.1999999999998,13100,111,319,0.05,7.041353210760135,1071.897,138.04
2081,2346.299999999999,32300,265,704,0.05,6.840929696844383,1084.6899999999998,139.43
2082,2177.299999999999,31600,258,688,0.05,6.999164660656175,1081.639,139.19
2083,938.3000000000001,15100,130,367,0.05,6.899935298134911,1076.606,138.73
2084,1157.0000000000007,17900,150,415,0.05,6.97318444424365,1083.9869999999999,139.52
2085,843.1000000000005,13900,114,326,0.05,7.268999188224231,1089.175,140.04
2086,508.0999999999998,9500,80,242,0.05,6.980241897677587,1089.3509999999999,140.03
2087,467.2999999999999,9100,75,230,0.05,7.2411145935887875,1058.693,136.81
2088,1786.3999999999999,26200,213,574,0.05,6.852547091474101,1064.5200000000002,137.38
2089,1781.0999999999997,26400,219,588,0.05,6.867067664658943,1076.226,138.6
2090,70.50000000000006,4200,37,130,0.05,7.10206639950092,1068.5080000000003,137.86
2091,931.1000000000004,15700,127,359,0.05,7.006802137183612,1066.7280000000003,137.75
2092,-18.100000000000037,2900,26,106,0.05,7.055770653598714,1057.656,136.8
2093,498.90000000000043,9900,82,245,0.05,7.032474209337819,1049.617,135.97
2094,69.49999999999997,4000,35,128,0.05,7.514141041785479,1032.715,134.2
2095,648.5999999999999,11000,96,283,0.05,7.180408760852612,1032.8790000000001,134.23
2096,609.2999999999997,10800,93,274,0.05,7.0548867848667784,1036.832,134.65
2097,91.50000000000006,3700,32,121,0.05,6.596280978730888,1030.683,134.0
2098,1078.5000000000005,18600,148,409,0.05,7.008387171551767,1040.686,135.11
2099,4991.899999999994,64800,544,1401,0.05,7.009577152135115,1075.4129999999998,138.72
2100,81.09999999999994,4400,36,128,0.05,6.733322575688362,1076.618,138.87
2101,-16.700000000000003,2900,27,109,0.05,6.973705932634686,1076.786,138.87
2102,1294.1999999999994,18700,156,433,0.05,6.934343422257597,1079.7749999999999,139.09
2103,2428.2,33900,277,733,0.05,7.080610908883005,1093.3429999999998,140.43
2104,2925.1999999999985,40600,336,880,0.05,7.083728877251798,1113.4569999999997,142.54
2105,2445.199999999997,33700,283,751,0.05,7.004084196293878,1118.5809999999997,142.92
2106,190.8999999999999,5100,49,161,0.05,6.946169899117132,1117.5379999999998,142.81
2107,415.4000000000001,8200,68,213,0.05,6.662382879167655,1119.7179999999998,143.04
2108,442.9000000000001,9000,74,225,0.05,6.828584756851196,1087.3519999999996,139.62
2109,3704.1000000000017,52600,431,1120,0.05,6.502283143997192,1114.7779999999998,142.66
2110,2857.5000000000005,39800,325,854,0.05,6.50781964278612,1130.3589999999997,144.38
2111,2710.1000000000017,38300,319,838,0.05,6.480195710368828,1155.1829999999998,147.04
2112,367.3000000000001,7000,65,204,0.05,6.2688406238368914,1155.4269999999997,147.07
2113,758.0,12700,109,312,0.05,6.367499563938532,1155.4429999999998,147.07
2114,620.4000000000002,10800,88,261,0.05,6.2953009459250735,1156.1809999999996,147.1
2115,1569.2999999999993,23300,191,518,0.05,6.204138025353775,1141.5699999999997,145.59
2116,993.5,15400,135,378,0.05,6.1807068233136775,1150.5009999999997,146.56
2117,-90.50000000000001,2000,18,81,0.05,6.051428318023682,1143.0399999999997,145.81
2118,472.00000000000017,9200,72,220,0.05,6.156393030556766,1137.3489999999997,145.22
2119,2712.100000000002,36500,306,808,0.05,5.9540621048153035,1153.291,146.83
2120,922.0000000000002,14300,122,346,0.05,6.0751823400486415,1140.358,145.51
2121,1597.4999999999989,24300,196,531,0.05,6.0589985200914285,1139.531,145.42
2122,886.3000000000002,14300,116,332,0.05,5.825544476509094,1140.6069999999997,145.55
2123,697.7000000000002,12400,95,279,0.05,6.1826084019035425,1140.0639999999999,145.49
2124,451.20000000000005,8900,72,220,0.05,6.08855791200291,1131.3939999999996,144.54
2125,-167.9,1200,8,56,0.05,6.425914330141885,1119.9019999999998,143.35
2126,2887.799999999997,40400,327,858,0.05,6.251568401610101,1132.745,144.67
2127,37.89999999999999,3600,31,119,0.05,6.149705391972005,1120.9799999999998,143.59
2128,312.10000000000025,7400,61,194,0.05,6.016855670004776,1106.576,142.08
2129,421.50000000000045,8900,75,226,0.05,6.349606485493415,1096.6329999999998,141.09
2130,995.0000000000003,15600,134,377,0.05,6.196083041654025,1095.2889999999998,140.99
2131,2695.399999999997,37200,311,818,0.05,6.0737602244379465,1108.504,142.33
2132,1545.2000000000003,23300,187,509,0.05,6.08462811921575,1092.2049999999997,140.6
2133,-6.400000000000048,3100,27,110,0.05,5.902891982685436,1089.4219999999998,140.35
2134,2537.3999999999987,36000,294,775,0.05,5.924650439600791,1108.7399999999998,142.37
2135,3020.5999999999976,39900,334,878,0.05,6.171245384868023,1124.2079999999996,143.94
2136,332.1,7400,63,198,0.05,6.204759365380412,1118.6089999999997,143.33
2137,463.2000000000002,9300,78,233,0.05,6.401345127130271,1124.1699999999996,143.92
2138,1704.199999999999,25300,201,542,0.05,6.131136470615204,1132.3769999999997,144.78
2139,568.0000000000001,10000,79,237,0.05,6.363688832093895,1131.5679999999995,144.58
2140,2822.799999999997,39800,327,856,0.05,5.992942706446781,1158.4979999999998,147.44
2141,612.2000000000002,10800,90,266,0.05,6.148288516173685,1155.5019999999997,147.08
2142,400.2000000000005,8300,72,219,0.05,5.929125581157806,1150.9939999999995,146.64
2143,537.3999999999999,10500,88,260,0.05,5.7983017197022075,1146.7769999999996,146.39
2144,27.599999999999923,3600,32,121,0.05,5.532107977827718,1139.2449999999997,145.69
2145,1988.8999999999992,29500,239,636,0.05,5.86357133605945,1152.0169999999996,147.12
2146,2396.899999999999,33500,281,745,0.05,6.1964797179970965,1148.5749999999996,146.9
2147,816.3999999999997,14000,115,329,0.05,5.51966151640408,1153.5889999999995,147.43
2148,1801.400000000001,26600,217,582,0.05,6.080595336419201,1157.3549999999996,147.88
2149,1524.0999999999985,23100,187,509,0.05,6.102449277997719,1171.6969999999994,149.37
2150,1249.1999999999994,19000,157,436,0.05,5.735684574744023,1162.6249999999995,148.41
2151,800.0000000000001,11800,98,288,0.05,5.936985463731819,1159.3169999999998,147.93
2152,5838.400000000006,76700,633,1622,0.05,5.882024412090476,1216.6169999999997,153.9
2153,2031.2999999999975,28900,240,643,0.05,6.026038873251267,1220.3929999999998,154.47
2154,-60.20000000000002,2200,19,90,0.05,5.662429777781169,1218.533,154.26
2155,1603.7,24400,195,525,0.05,5.654130457469395,1215.8299999999995,153.97
2156,1418.0999999999995,21200,170,463,0.05,5.690487397669716,1214.81,153.79
2157,7500.399999999994,99500,817,2079,0.05,5.803113193108291,1269.4269999999997,159.64
2158,3607.1999999999994,49900,400,1040,0.05,5.5555495686255965,1300.8259999999998,162.87
2159,135.00000000000006,5400,47,157,0.05,5.3709835732818405,1295.2399999999998,162.31
2160,883.6,14100,117,334,0.05,5.336705813864748,1285.5599999999997,161.28
2161,2788.9,37600,305,803,0.05,5.268644869995592,1294.8359999999998,162.14
2162,559.7000000000008,11000,83,243,0.05,5.154527828036022,1287.2119999999998,161.4
2163,527.2000000000004,9600,83,248,0.05,5.137902369422298,1290.1129999999996,161.71
2164,3128.9999999999964,44200,363,947,0.05,5.351880665691501,1317.5289999999995,164.72
2165,2460.1999999999994,35000,281,744,0.05,5.128991848358544,1338.6519999999996,166.88
2166,661.5999999999998,11100,92,270,0.05,5.371646786619116,1343.7459999999999,167.37
2167,263.8000000000003,7200,63,190,0.05,5.326937925188165,1339.8419999999996,167.03
2168,303.80000000000007,6400,57,185,0.05,5.647090739172858,1336.7799999999995,166.67
2169,70.09999999999994,4900,41,141,0.05,5.561343788255191,1326.8349999999994,165.85
2170,2557.6000000000017,37600,305,794,0.05,5.4158409641731895,1313.2039999999993,164.53
2171,2680.3000000000015,36500,300,789,0.05,5.361972158248283,1325.5889999999997,165.79
2172,253.70000000000022,6900,55,179,0.05,5.197370808883752,1323.793,165.6
2173,-19.999999999999986,3000,26,105,0.05,5.134195879527501,1309.8509999999997,164.14
2174,2102.4999999999973,31500,258,686,0.05,5.210911248932774,1324.5689999999993,165.84
2175,3851.400000000007,51000,409,1064,0.05,5.28041080155767,1362.1329999999994,169.58
2176,821.4000000000003,13500,113,323,0.05,4.993368200473372,1327.9009999999998,166.15
2177,75.10000000000001,4200,38,135,0.05,4.728819991924144,1324.5829999999996,165.83
2178,-222.9,600,6,54,0.05,4.583938916524251,1317.792,165.1
2179,1011.1999999999998,16300,134,376,0.05,4.843019699796717,1323.59,165.64
2180,32.699999999999875,4000,36,126,0.05,4.809310214860099,1315.995,164.89
2181,3377.500000000001,45400,370,964,0.05,4.856226722234513,1326.3069999999998,165.94
2182,1049.6,17000,141,394,0.05,4.971718281658773,1315.0299999999997,164.77
2183,976.299999999999,16500,130,365,0.05,4.909511461649855,1315.4099999999996,164.77
2184,-36.40000000000002,2500,25,103,0.05,4.7798307104018125,1303.4759999999999,163.52
2185,687.5000000000007,12200,94,276,0.05,5.145544748375381,1301.9199999999998,163.32
2186,1212.5999999999992,19400,157,434,0.05,5.1131985121608325,1308.965,164.09
2187,567.4000000000002,10300,86,258,0.05,4.7752637835436085,1309.966,164.2
2188,559.3000000000001,10400,82,245,0.05,4.8210003774993275,1297.695,162.89
2189,1751.5,25100,202,544,0.05,5.047366743140361,1297.399,162.72
2190,1102.2999999999995,17700,143,400,0.05,4.895491213202477,1307.7169999999999,163.78
2191,21.59999999999995,3200,29,112,0.05,4.7212226795298715,1298.622,162.8
2192,1372.7000000000003,21200,167,459,0.05,5.169097637039384,1312.53,164.21
2193,334.5,8400,65,204,0.05,5.012725736580643,1310.886,164.04
2194,1620.1999999999994,22800,191,520,0.05,5.17056255203027,1326.3930000000003,165.6
2195,869.5999999999999,14100,115,327,0.05,5.6065318387582765,1328.603,165.79
2196,322.0999999999998,7700,60,191,0.05,5.299035479260989,1325.7310000000004,165.46
2197,634.3000000000004,11100,93,275,0.05,5.334972900043835,1331.1590000000003,166.07
2198,342.40000000000015,7900,64,201,0.05,5.545838758127013,1323.7979999999998,165.23
2199,5445.700000000005,72200,585,1503,0.05,5.361122135630625,1328.3360000000002,165.64
2200,1382.9999999999984,21800,170,466,0.05,5.663659137717644,1341.3550000000002,166.98
2201,986.2000000000003,15400,132,374,0.05,5.345721908431639,1351.3840000000005,168.03
2202,991.7000000000006,16000,128,363,0.05,5.487793795005021,1348.3590000000006,167.75
2203,2710.7999999999956,36600,308,810,0.05,5.34232943735005,1351.1850000000006,168.06
2204,403.79999999999995,7700,66,209,0.05,5.15646530908831,1325.9710000000005,165.36
2205,59.89999999999998,3900,33,123,0.05,5.320117229368629,1302.1180000000004,162.86
2206,1362.3999999999978,20000,169,466,0.05,5.477397796422115,1313.8330000000005,164.06
2207,1912.4999999999984,27200,224,603,0.05,5.333234125504249,1328.8039999999999,165.62
2208,-85.3,2000,18,89,0.05,5.694608808903212,1323.5220000000002,165.06
2209,612.2000000000006,11000,96,282,0.05,5.437483890682247,1292.6030000000003,161.71
2210,262.30000000000007,6500,57,183,0.05,5.5478208755534855,1266.6510000000003,159.03
2211,2912.3999999999974,40200,324,852,0.05,5.39861798566272,1268.6740000000002,159.08
2212,235.5000000000001,6400,54,176,0.05,5.42943779446862,1267.3560000000004,158.97
2213,2137.8999999999996,31000,249,664,0.05,5.27780225657555,1281.155,160.37
2214,190.7999999999999,5300,43,147,0.05,5.418308100732816,1276.8590000000002,159.92
2215,652.9000000000004,11300,99,290,0.05,5.253936221681792,1267.695,159.0
2216,961.5999999999999,15500,128,360,0.05,5.052338687578837,1267.3760000000002,158.93
2217,-70.9,2800,22,95,0.05,5.3637606846658805,1267.572,158.97
2218,491.0000000000002,9800,81,244,0.05,5.275361342508285,1267.7620000000002,159.06
2219,-29.199999999999932,2900,23,100,0.05,5.280653595924377,1240.3490000000002,156.23
2220,751.5999999999998,13100,104,300,0.05,5.063235318660736,1238.6450000000002,156.05
2221,999.7000000000005,16200,136,378,0.05,5.285230961426225,1232.6670000000004,155.45
2222,547.7,10100,87,257,0.05,5.397230307879615,1229.2810000000004,155.16
2223,2226.8999999999996,30300,236,632,0.05,5.497764044924628,1244.573,156.57
2224,481.5000000000002,10100,83,246,0.05,5.774454872782638,1244.876,156.68
2225,1286.600000000001,19900,168,460,0.05,5.880855205266372,1259.4210000000003,158.28
2226,134.5999999999999,4900,42,146,0.05,5.790140369167067,1231.8890000000001,155.43
2227,1001.1000000000003,15900,134,377,0.05,5.456359502175126,1241.5210000000004,156.46
2228,515.9000000000001,8400,74,227,0.05,5.34548437857943,1243.559,156.59
2229,424.2000000000004,8500,71,218,0.05,5.494003436980991,1243.586,156.55
2230,85.39999999999995,4100,37,132,0.05,5.393820258704099,1234.4899999999998,155.58
2231,8082.600000000005,106200,864,2199,0.05,5.276995938384788,1288.362,161.11
2232,7213.100000000019,93000,768,1963,0.05,5.174994889413345,1345.0410000000004,166.92
2233,1399.1999999999991,21200,175,479,0.05,5.173539672365766,1359.0970000000004,168.4
2234,349.00000000000006,7600,64,201,0.05,5.2393644093281,1337.2130000000004,166.1
2235,1354.9000000000003,19400,165,453,0.05,5.248988472599594,1320.5560000000003,164.41
2236,1738.799999999998,26500,217,585,0.05,5.302591320184561,1334.6230000000003,165.95
2237,2009.1000000000017,29000,231,619,0.05,5.176231113119542,1350.0820000000003,167.48
2238,2888.2999999999984,39900,323,851,0.05,4.936488544338598,1361.9230000000002,168.7
2239,1909.2999999999981,27600,223,597,0.05,4.990906623939374,1375.336,170.14
2240,3292.199999999998,46300,377,984,0.05,5.139227471700528,1380.03,170.64
2241,5431.70000000001,72000,592,1521,0.05,5.177005430258551,1428.225,175.66
2242,1228.5000000000011,18000,149,414,0.05,5.185718277802214,1436.5079999999998,176.43
2243,194.99999999999994,5500,48,160,0.05,5.460695411264896,1433.0839999999998,176.03
2244,-38.29999999999997,3000,27,104,0.05,5.449610717021502,1432.4250000000002,175.98
2245,803.5000000000002,13300,111,318,0.05,5.253451156166364,1420.5710000000004,174.7
2246,764.6999999999995,12600,107,311,0.05,5.257182775969674,1404.2490000000005,172.96
2247,936.4999999999995,14200,120,341,0.05,5.4804481963607925,1405.4500000000005,173.01
2248,768.8,12400,99,290,0.05,5.330904787162255,1395.1240000000003,171.83
2249,1744.4000000000008,25100,207,559,0.05,5.270600201192184,1397.3270000000002,172.03
2250,2163.2,32600,257,686,0.05,5.378113445665677,1406.467,173.03
2251,1353.499999999999,21900,176,481,0.05,5.545940546880393,1412.0020000000002,173.81
2252,296.6000000000001,6600,54,175,0.05,5.36619704927717,1356.5840000000003,168.02
2253,915.7000000000003,15200,126,355,0.05,5.557014947542003,1345.428,166.88
2254,984.3000000000005,15400,133,374,0.05,5.615726857261862,1355.8730000000003,168.02
2255,1088.2000000000007,17400,141,393,0.05,5.62791718902782,1350.7179999999998,167.48
2256,1524.5,22900,189,509,0.05,5.456257984071443,1351.7820000000002,167.67
2257,1667.5,24600,202,544,0.05,5.568570352652493,1293.4530000000002,161.52
2258,1613.200000000001,23600,194,528,0.05,5.460601065646518,1273.5130000000001,159.46
2259,1260.699999999998,19900,161,445,0.05,5.545959234773443,1284.7700000000002,160.6
2260,3180.9000000000005,43700,368,959,0.05,5.60399492366222,1307.743,163.11
2261,2136.3,28900,242,646,0.05,5.482898447904794,1301.217,162.48
2262,780.9000000000002,13600,111,319,0.05,5.545781507761127,1303.429,162.76
2263,3059.1000000000035,42800,348,911,0.05,5.407926884754821,1328.7479999999998,165.41
2264,245.00000000000006,6700,57,184,0.05,5.383904245884522,1299.9080000000001,162.35
2265,2318.099999999997,34700,284,736,0.05,5.921722641133743,1298.487,162.38
2266,1247.7999999999993,18700,157,435,0.05,6.047134593985547,1304.349,163.03
2267,1557.4,22900,185,503,0.05,5.8676829755187745,1317.285,164.25
2268,136.30000000000004,4400,40,142,0.05,5.859493287516312,1315.61,164.08
2269,-143.2,1500,13,73,0.05,6.26730601754907,1313.4769999999999,163.8
2270,348.4,7700,64,201,0.05,5.870430331918137,1291.3849999999998,161.39
2271,3626.9999999999977,49000,406,1058,0.05,5.67847709754915,1300.8519999999999,162.45
2272,954.7,15000,118,338,0.05,5.650101225757035,1307.862,163.08
2273,787.9000000000002,13300,110,317,0.05,5.896465739993267,1315.941,163.92
2274,549.0999999999999,10700,82,242,0.05,5.835426955183675,1300.407,162.16
2275,1690.8999999999985,24500,204,552,0.05,5.869349740985511,1278.802,160.11
2276,231.4,5800,50,166,0.05,5.955260246633047,1272.9019999999998,159.48
2277,1802.8999999999996,26700,219,590,0.05,5.797599777528795,1290.1799999999998,161.29
2278,684.4999999999999,11700,96,283,0.05,5.922079633065753,1299.254,162.19
2279,150.70000000000005,5200,45,152,0.05,6.078576831441176,1290.649,161.3
2280,1645.8999999999994,23300,194,523,0.05,5.810498480131248,1306.7809999999997,162.88
2281,-206.70000000000002,700,7,58,0.05,5.497657204496449,1270.9389999999999,159.25
2282,1926.8999999999996,27300,222,597,0.05,5.570729903439981,1279.7119999999998,160.06
2283,1948.6999999999994,29100,235,629,0.05,5.771340840571636,1289.4359999999997,161.11
2284,1365.9,20500,165,456,0.05,5.787926873617005,1303.4589999999996,162.51
2285,9714.399999999998,124800,1022,2598,0.05,5.825148382399796,1393.7279999999996,171.79
2286,1004.5999999999993,15100,121,346,0.05,5.692560713415201,1391.6479999999997,171.43
2287,3041.9999999999977,42000,329,865,0.05,5.927191422853856,1416.3939999999993,173.86
2288,1776.9000000000008,25900,212,573,0.05,6.207161013368537,1428.5699999999995,175.16
2289,2608.0999999999976,36800,293,775,0.05,5.75566520690918,1437.1359999999995,176.07
2290,2375.299999999999,34300,281,742,0.05,5.709975610203498,1449.8659999999995,177.45
2291,352.5,7900,63,199,0.05,5.820338535548455,1453.1749999999995,177.79
2292,2610.499999999997,35200,294,777,0.05,5.796908023581389,1465.5529999999992,179.06
2293,2176.7999999999997,32500,270,718,0.05,5.7996356198382575,1483.9759999999992,181.11
2294,14.799999999999983,3200,27,102,0.05,5.727030712015488,1467.921999999999,179.47
2295,-54.99999999999995,2800,21,91,0.05,5.79218896142729,1458.6759999999988,178.53
2296,3109.999999999997,46300,366,954,0.05,5.864735533106502,1486.554999999999,181.59
2297,2384.0000000000005,34700,285,755,0.05,5.951123500659766,1504.051999999999,183.51
2298,956.1999999999987,15600,126,346,0.05,5.630706414321944,1510.1899999999991,184.13
2299,-283.4,200,2,40,0.05,5.973609548807144,1452.898999999999,178.3
2300,878.2,14000,112,322,0.05,5.606186903041342,1447.8509999999994,177.72
2301,282.6999999999998,6200,56,181,0.05,5.706349376815458,1440.8159999999996,176.96
2302,398.4000000000003,8700,71,219,0.05,5.744882826391421,1434.8829999999996,176.39
2303,1619.9000000000005,23100,187,503,0.05,5.893962713643523,1423.9739999999993,175.18
2304,65.90000000000015,4300,38,130,0.05,6.086794607455914,1420.5949999999993,174.9
2305,68.89999999999993,3900,34,125,0.05,6.152140916824341,1420.6849999999995,174.91
2306,250.30000000000018,6100,53,175,0.05,5.824870041438511,1409.5639999999994,173.75
2307,4464.400000000001,58700,489,1264,0.05,6.014392180721971,1435.0829999999994,176.4
2308,916.6000000000004,15000,123,349,0.05,5.980412027555755,1445.1019999999996,177.45
2309,898.3,14600,122,340,0.05,5.98032044172287,1447.9629999999993,177.71
2310,506.9000000000002,9600,84,249,0.05,5.978644403587862,1450.4089999999994,177.98
2311,814.0999999999997,13200,111,320,0.05,5.853108582645655,1429.4259999999995,175.85
2312,980.8000000000005,16700,129,365,0.05,5.561168189897929,1436.8789999999995,176.6
2313,1190.5000000000005,18400,152,420,0.05,5.604921465260642,1427.404999999999,175.63
2314,2528.1000000000045,34100,286,758,0.05,5.489293825972363,1450.7779999999993,178.06
2315,1967.199999999999,27900,225,602,0.05,5.56972321402591,1463.9209999999994,179.32
2316,435.9000000000001,8300,71,219,0.05,5.884201278425243,1458.6639999999993,178.75
2317,89.20000000000005,4800,39,135,0.05,5.428760749322397,1460.2649999999994,178.92
2318,3837.0999999999976,52600,425,1104,0.05,5.707464018377705,1493.7259999999997,182.36
2319,1991.0,28800,235,628,0.05,5.87891011405143,1513.9279999999997,184.48
2320,1943.0000000000011,28000,223,600,0.05,5.57529867887497,1525.8419999999996,185.67
2321,1100.000000000001,16700,137,382,0.05,5.411329698812275,1526.8449999999998,185.68
2322,1777.8999999999983,26200,214,577,0.05,5.250953583411575,1539.1469999999995,186.95
2323,2453.700000000003,34000,281,741,0.05,5.396548663717211,1541.4149999999997,187.4
2324,5887.400000000013,79400,625,1606,0.05,5.360048929454381,1595.474,192.82
2325,174.4999999999999,5100,43,151,0.05,5.200626324344155,1584.353,191.57
2326,2552.6999999999975,36500,297,783,0.05,5.446584278291821,1608.5340000000003,194.12
2327,565.4000000000004,10600,84,250,0.05,5.35909504699707,1604.1770000000004,193.62
2328,376.2000000000001,8800,71,216,0.05,5.485864623829171,1602.7800000000002,193.59
2329,1142.6999999999985,17000,139,388,0.05,5.537944413337511,1609.9650000000006,194.27
2330,2614.2000000000003,37300,306,804,0.05,5.774009184161229,1635.2530000000008,196.96
2331,1019.4999999999998,16700,135,381,0.05,5.807783050487048,1564.6220000000003,189.67
2332,1637.9999999999989,22500,178,487,0.05,5.684155197848529,1508.8710000000005,183.77
2333,1840.4,27900,227,605,0.05,5.760369530197018,1513.2830000000004,184.29
2334,1314.199999999999,19700,164,452,0.05,5.633580858728527,1522.9350000000006,185.29
2335,413.8000000000002,8600,70,218,0.05,5.885077013881928,1513.5240000000006,184.34
2336,4455.300000000004,60100,490,1266,0.05,5.4857683601725915,1540.6890000000005,187.07
2337,1334.2999999999986,20000,167,461,0.05,5.822746456833051,1533.9410000000003,186.43
2338,2853.799999999998,40300,334,877,0.05,5.5304014386445655,1533.596,186.54
2339,2248.999999999997,33000,271,714,0.05,5.63307510270458,1536.9930000000002,187.02
2340,2265.799999999999,32000,266,708,0.05,5.5165297422705395,1526.7289999999996,185.91
2341,549.1000000000001,9600,84,252,0.05,5.538890674000695,1477.9029999999996,180.83
2342,1048.8999999999996,17500,143,395,0.05,5.402206268189828,1476.1069999999993,180.77
2343,333.79999999999984,7500,61,194,0.05,5.594629526138306,1477.4949999999992,180.9
2344,1623.4,24800,195,522,0.05,5.434946356605296,1494.111999999999,182.58
2345,3067.5999999999995,41800,352,923,0.05,5.447142257721427,1516.752999999999,184.99
2346,782.6000000000006,13000,105,304,0.05,5.45776576431174,1516.9319999999993,184.97
2347,2565.700000000001,36600,304,803,0.05,5.454995184134725,1533.2239999999993,186.81
2348,2130.299999999999,31300,252,668,0.05,5.413986187495158,1546.838999999999,188.34
2349,649.9000000000004,10800,85,255,0.05,5.180542916877597,1535.893999999999,187.12
2350,-19.699999999999974,3000,26,107,0.05,5.117589598504182,1514.0649999999991,184.81
2351,799.5999999999999,13100,111,318,0.05,5.164666373774691,1508.5259999999992,184.16
2352,2729.3999999999965,39200,316,833,0.05,5.131944690431867,1532.8539999999991,186.78
2353,2.09999999999998,3100,26,108,0.05,5.159196690276817,1523.7179999999994,185.78
2354,2576.599999999998,35300,274,726,0.05,5.626516013762839,1539.6409999999992,187.19
2355,2156.699999999999,30900,256,683,0.05,5.473204711520306,1550.325999999999,188.34
2356,407.4999999999998,10000,76,225,0.05,5.613175865809123,1539.1559999999995,187.21
2357,190.69999999999996,5200,46,159,0.05,5.401789549761598,1524.3879999999997,185.65
2358,639.1000000000003,11300,96,277,0.05,5.259945958099641,1514.6469999999995,184.67
2359,600.6000000000004,10900,88,262,0.05,5.027740234637078,1508.046,183.94
2360,839.2000000000004,13300,110,316,0.05,5.276899022769324,1484.6290000000001,181.36
2361,972.6000000000001,15300,131,369,0.05,5.260834578253066,1472.9920000000002,180.25
2362,1661.9999999999986,25800,205,552,0.05,5.528350293204404,1481.803,181.19
2363,347.30000000000007,7200,63,199,0.05,5.405018665083689,1454.6850000000004,178.34
2364,986.5999999999998,16800,136,375,0.05,5.420865180969238,1462.1010000000003,179.13
2365,160.20000000000005,5400,47,155,0.05,5.217728882451211,1440.5220000000004,176.76
2366,309.29999999999995,7300,60,191,0.05,5.36231647736115,1431.1370000000004,175.79
2367,4810.399999999998,64800,516,1329,0.05,5.238930150563776,1463.6670000000001,179.1
2368,731.0000000000002,12700,104,302,0.05,5.44912742936848,1469.6140000000003,179.74
2369,1100.100000000001,17300,145,397,0.05,5.310503533264852,1482.047,181.06
2370,45.10000000000004,3600,32,121,0.05,5.104389115798572,1479.0140000000001,180.74
2371,1910.9,27300,224,603,0.05,5.09061545716787,1461.8529999999998,178.92
2372,3260.299999999995,47200,367,960,0.05,4.966040208190679,1484.9089999999999,181.41
2373,232.2000000000002,5800,45,156,0.05,5.149365616150392,1479.3519999999999,180.76
2374,584.2000000000002,10900,84,250,0.05,5.297253135681152,1479.703,180.78
2375,1184.3000000000004,17700,144,403,0.05,5.329755479585444,1474.6369999999997,180.18
2376,2040.6,29000,232,623,0.05,5.249364577748037,1492.729,182.0
2377,432.3000000000002,10100,83,237,0.05,5.369653543842492,1479.023,180.64
2378,4001.699999999996,55000,446,1158,0.05,5.121825716450219,1512.1949999999997,184.14
2379,963.9999999999999,15300,121,344,0.05,5.6583472344764445,1520.328,184.9
2380,-65.50000000000003,2100,20,91,0.05,5.318488275611793,1503.214,183.16
2381,311.9999999999998,7100,61,195,0.05,5.503479758287088,1508.4009999999998,183.7
2382,4183.0999999999985,56100,460,1190,0.05,5.7321730505518556,1530.963,186.08
2383,72.20000000000002,3900,33,125,0.05,5.09917873954773,1512.198,184.06
2384,641.3999999999999,11700,94,274,0.05,5.370720745003136,1504.9530000000002,183.35
2385,1470.000000000001,22500,186,503,0.05,5.203948606790653,1422.5090000000002,174.99
2386,363.70000000000016,8400,69,213,0.05,5.044146813137431,1416.1000000000004,174.47
2387,1969.4,27800,233,625,0.05,5.112431380462646,1405.3740000000003,173.51
2388,3076.400000000001,42700,334,878,0.05,5.114598178103193,1418.3690000000001,174.73
2389,553.6999999999998,10500,86,255,0.05,5.019221174950693,1397.8250000000005,172.66
2390,1324.700000000001,19500,168,461,0.05,5.155870421589585,1387.3190000000004,171.53
2391,261.29999999999995,6300,48,162,0.05,5.2182193508854615,1386.4070000000004,171.38
2392,96.4,4700,39,135,0.05,5.0277264683334915,1361.266,168.83
2393,2847.199999999997,39800,322,848,0.05,5.333703367496437,1367.97,169.35
2394,725.4000000000002,11800,100,291,0.05,5.375561089040487,1375.076,170.08
2395,1924.700000000003,28200,229,616,0.05,5.618025911705835,1394.8730000000003,172.16
2396,4586.699999999992,62600,511,1320,0.05,5.6280868996273385,1409.6399999999996,173.61
2397,3982.599999999999,53800,431,1119,0.05,5.570986145835993,1425.6259999999997,175.07
2398,985.0000000000008,16800,137,378,0.05,5.501748251536536,1425.9139999999998,175.18
2399,1875.1000000000013,27700,220,592,0.05,5.351583173146119,1447.4989999999996,177.36
2400,-73.39999999999999,2500,21,93,0.05,5.0116784111146,1437.983,176.45
2401,3641.2000000000003,50100,406,1053,0.05,5.4741169708972865,1471.568,179.95
2402,593.5999999999998,10600,77,235,0.05,5.187287145979861,1473.52,180.01
2403,472.00000000000034,9000,78,237,0.05,5.369340934833897,1462.0410000000002,178.92
2404,1666.6,24100,198,539,0.05,5.275751604441146,1478.0480000000002,180.52
2405,239.70000000000033,7500,58,177,0.05,5.176303516000004,1479.756,180.76
2406,1155.0999999999985,19200,152,420,0.05,5.144105629693894,1488.8040000000003,181.75
2407,1825.9999999999984,27000,218,587,0.05,5.069691182401355,1462.4200000000003,179.04
2408,2358.799999999997,33600,281,745,0.05,5.178056563306975,1476.842,180.62
2409,1048.7999999999993,16600,137,385,0.05,5.25926943692294,1478.3470000000002,180.77
2410,2637.499999999995,38700,304,796,0.05,5.287221823804941,1499.6529999999998,182.97
2411,-30.700000000000045,3000,27,108,0.05,5.059379231046747,1491.205,182.13
2412,3058.2,41200,337,884,0.05,5.266412837203272,1511.979,184.21
2413,1798.699999999998,26600,220,593,0.05,5.188984821055832,1518.0610000000001,184.89
2414,1777.599999999999,25900,206,557,0.05,5.17148346490021,1510.556,184.09
2415,929.4000000000005,15400,126,355,0.05,5.4863131388812,1500.1779999999999,183.1
2416,1368.1999999999996,21800,177,480,0.05,5.50539563447237,1509.5010000000004,184.16
2417,538.2000000000003,10400,81,245,0.05,5.384714347489026,1513.991,184.58
2418,5.100000000000023,3300,27,108,0.05,5.221964323962176,1475.671,180.6
2419,1320.6,20100,161,444,0.05,5.3017297956320615,1468.9669999999999,179.86
2420,350.10000000000014,8000,65,202,0.05,5.258495797025095,1453.0380000000002,178.28
2421,237.30000000000007,6400,51,168,0.05,5.320481095995222,1444.411,177.42
2422,1577.0999999999983,22300,188,511,0.05,5.377012571476677,1442.4030000000002,177.16
2423,2423.000000000001,34200,287,758,0.05,5.590528805840927,1442.0960000000005,177.22
2424,1845.7999999999997,25800,211,567,0.05,5.401989073559931,1401.6799999999996,173.08
2425,-136.5,1400,13,74,0.05,5.58111104127523,1398.5699999999997,172.78
2426,72.79999999999994,4500,34,117,0.05,5.475647488210956,1373.7709999999993,170.15
2427,707.6,12200,104,302,0.05,5.36035082671816,1375.1929999999995,170.35
2428,-107.89999999999999,1900,16,82,0.05,5.663024486565009,1370.3519999999996,169.8
2429,1977.4000000000008,28500,228,611,0.05,5.700536266676533,1378.6989999999996,170.69
2430,603.0000000000008,10800,87,259,0.05,5.4475615033772,1358.5869999999995,168.5
2431,526.1000000000004,10100,84,247,0.05,5.707434918716369,1353.6529999999996,167.99
2432,1028.3999999999994,15300,124,352,0.05,5.613482030955228,1347.5569999999998,167.45
2433,1079.8000000000004,16600,140,392,0.05,5.521788637248838,1339.9509999999998,166.58
2434,1258.8999999999996,18900,162,448,0.05,5.766293040343693,1339.3979999999997,166.56
2435,2336.9999999999977,31500,259,691,0.05,5.518249540701617,1358.6299999999997,168.45
2436,2509.8000000000006,34900,286,754,0.05,5.390831861951307,1339.1749999999997,166.41
2437,1049.0000000000011,16900,136,380,0.05,5.341218517328564,1336.3219999999994,166.1
2438,690.4999999999998,11600,98,287,0.05,5.4920405926189355,1314.6889999999996,163.74
2439,744.4999999999999,12500,107,308,0.05,5.505821773758182,1299.644,162.1
2440,547.1000000000001,9500,78,237,0.05,5.303793710998342,1282.4570000000003,160.22
2441,382.9,7900,61,195,0.05,5.323449584765312,1280.795,159.99
2442,-257.4,1100,10,55,0.05,5.454565928199075,1267.7320000000002,158.66
2443,689.7999999999997,12200,102,296,0.05,5.511870575917734,1271.2920000000004,159.07
2444,1844.1000000000015,27900,219,587,0.05,5.389335721274251,1273.4990000000005,159.31
2445,1977.9999999999982,28800,239,640,0.05,5.207157416269183,1262.6030000000005,158.18
2446,-82.99999999999997,2300,20,89,0.05,5.0767399836122316,1253.9470000000003,157.33
2447,325.4000000000003,7100,61,195,0.05,5.139530466764401,1231.5440000000003,154.9
2448,656.0,12000,98,287,0.05,5.4097839207599385,1216.8010000000004,153.36
2449,2217.5999999999985,31500,258,687,0.05,5.366589763452566,1232.478,155.09
2450,905.6000000000003,14700,124,351,0.05,5.3653322767328335,1241.7310000000004,156.07
2451,2532.3999999999965,36000,289,765,0.05,5.270366036658194,1259.0590000000002,157.85
2452,1316.3999999999987,20100,167,460,0.05,5.336939473255821,1244.9290000000003,156.36
2453,336.29999999999995,6400,55,179,0.05,5.54515888704268,1248.2710000000002,156.65
2454,-180.39999999999998,1400,12,68,0.05,5.031481539501863,1220.7010000000002,154.03
2455,1766.2999999999981,27700,218,578,0.05,5.289381858386795,1216.797,153.65
2456,-210.2,1000,9,59,0.05,5.329264135683998,1210.6200000000001,152.98
2457,2647.799999999997,36700,303,799,0.05,5.270384754197618,1235.1910000000003,155.55
2458,531.7,10100,83,250,0.05,5.442234447479248,1234.1170000000002,155.42
2459,35.79999999999998,4000,32,118,0.05,5.513217327958446,1228.4690000000003,154.86
2460,1229.3000000000006,18200,154,426,0.05,5.551495693099331,1232.3700000000001,155.3
2461,899.6999999999997,14000,115,328,0.05,5.540464521181293,1231.641,155.14
2462,1967.7999999999997,27900,230,616,0.05,5.5906161603989535,1234.699,155.39
2463,3241.7000000000003,46300,368,952,0.05,5.538316049245226,1263.6430000000003,158.44
2464,686.9000000000004,11600,99,291,0.05,5.974208522088749,1260.646,158.07
2465,1302.399999999999,18900,152,423,0.05,5.624106155219653,1272.068,159.12
2466,1848.1999999999998,26800,211,569,0.05,5.643690570167582,1287.4569999999999,160.63
2467,272.7,7000,59,184,0.05,5.879535462545312,1242.08,156.06
2468,5588.800000000003,75800,604,1551,0.05,5.719707263200072,1290.6580000000001,161.06
2469,190.4,6400,50,167,0.05,5.6540652749067295,1281.561,160.11
2470,1149.9000000000015,18300,146,407,0.05,5.659283189867287,1292.609,161.25
2471,461.3,9200,77,233,0.05,5.873596638568992,1278.1129999999998,159.78
2472,551.3000000000003,10700,86,254,0.05,5.8627798238138515,1251.0230000000001,156.97
2473,1556.9999999999982,22500,183,496,0.05,5.815797653409742,1264.2709999999997,158.35
2474,1533.3000000000004,22300,190,515,0.05,5.744887609852171,1273.762,159.41
2475,314.9000000000001,7500,61,193,0.05,5.718526259605131,1265.0679999999998,158.58
2476,1696.9000000000012,25100,206,555,0.05,5.787459628646438,1261.6309999999999,158.32
2477,224.7999999999998,6300,56,178,0.05,5.866877191522148,1259.5559999999998,158.05
2478,1640.5000000000002,23200,195,528,0.05,6.119628557201588,1235.9439999999997,155.54
2479,403.0999999999998,9300,77,227,0.05,6.220758148226969,1230.3349999999998,155.1
2480,3329.3999999999965,46300,376,980,0.05,5.854392919491748,1264.2839999999997,158.66
2481,1221.9999999999986,19000,157,435,0.05,5.5298253021020995,1273.3839999999996,159.62
2482,640.7000000000004,11600,95,278,0.05,5.447332554583927,1237.9599999999998,155.97
2483,417.4000000000004,9300,71,212,0.05,5.528653644165903,1241.4119999999996,156.35
2484,-195.0,1400,12,65,0.05,5.652582418001615,1233.0479999999998,155.53
2485,882.3999999999997,14900,119,340,0.05,5.586076297830133,1227.1719999999996,154.86
2486,772.6999999999998,13600,104,302,0.05,5.47851815128958,1231.2619999999995,155.21
2487,567.1000000000004,10200,88,262,0.05,5.391189996522802,1217.2389999999996,153.76
2488,847.4999999999999,14700,117,334,0.05,5.781404825741659,1194.9499999999998,151.59
2489,189.79999999999995,5600,47,156,0.05,5.794750108168675,1191.3109999999997,151.2
2490,1352.399999999999,20200,166,456,0.05,5.991588269932228,1191.5879999999995,151.18
2491,531.9999999999999,10300,85,254,0.05,5.652825287946566,1194.2949999999996,151.55
2492,1651.2000000000003,24500,201,545,0.05,5.958858397685059,1209.8429999999996,153.17
2493,253.69999999999987,6200,53,172,0.05,6.020545493724734,1183.9079999999994,150.48
2494,800.1000000000001,13800,113,320,0.05,6.105435673892498,1184.6549999999995,150.61
2495,2908.3999999999996,40700,331,865,0.05,5.5666291981074165,1194.4919999999997,151.63
2496,957.6000000000007,15500,131,367,0.05,5.449425455010229,1158.2009999999996,147.83
2497,139.40000000000012,5700,44,147,0.05,5.449053830840961,1119.7689999999996,143.96
2498,833.6999999999998,14800,117,323,0.05,5.642072332901852,1118.2559999999994,143.76
2499,895.1,14900,121,346,0.05,5.929829707724511,1108.4559999999994,142.77
2500,1563.9000000000008,23900,195,529,0.05,5.9761354661844175,1124.8289999999993,144.51
2501,252.9,6400,52,171,0.05,5.801315235115632,1090.9459999999992,140.97
2502,2950.3999999999983,39700,341,894,0.05,5.761186430918291,1114.5139999999994,143.61
2503,270.9000000000001,6500,55,180,0.05,6.035867965221405,1112.5029999999992,143.38
2504,115.09999999999997,5600,48,157,0.05,5.912958347114029,1096.9879999999994,141.88
2505,106.80000000000005,4400,38,133,0.05,6.213328497750418,1095.6589999999992,141.68
2506,1307.5,19800,163,450,0.05,5.9940914848115705,1097.1829999999995,141.79
2507,2768.099999999999,38200,305,805,0.05,5.869969151479117,1106.6039999999996,142.66
2508,2911.699999999995,41300,339,890,0.05,5.865207834458083,1112.1329999999994,143.24
2509,111.89999999999995,4900,39,138,0.05,5.9102298263190445,1102.7639999999994,142.26
2510,827.4000000000002,14200,114,327,0.05,5.787336144607731,1084.6629999999993,140.36
2511,3579.5000000000027,49300,404,1047,0.05,5.774534632392235,1120.7649999999994,144.13
2512,1006.000000000001,15500,132,373,0.05,5.994368797972119,1100.2429999999995,142.08
2513,1311.2000000000007,20100,165,451,0.05,5.788556572603281,1095.3679999999995,141.53
2514,160.1999999999999,5200,43,148,0.05,5.573132350638106,1079.1939999999995,139.9
2515,362.5999999999999,8200,69,213,0.05,5.527706235787119,1073.5259999999996,139.33
2516,1252.8000000000006,20000,165,451,0.05,5.683031593352358,1072.3719999999996,139.21
2517,1132.0999999999992,18100,152,419,0.05,5.487378178462208,1078.3109999999997,139.92
2518,1659.9000000000017,24700,205,552,0.05,5.687502908533898,1094.8589999999997,141.7
2519,2206.4999999999986,33400,262,698,0.05,5.5786892243989215,1103.7179999999998,142.71
2520,4655.100000000004,65000,536,1381,0.05,5.337027645042027,1146.7679999999998,147.42
2521,365.09999999999997,7700,67,207,0.05,5.225111172395052,1148.0459999999998,147.58
2522,308.1999999999997,7000,60,192,0.05,5.41900413731734,1135.357,146.3
2523,460.29999999999944,9300,77,233,0.05,5.440817731644462,1115.73,144.2
2524,1002.9999999999993,16900,133,369,0.05,5.493354165457128,1107.302,143.42
2525,541.9000000000003,10600,84,252,0.05,5.5713112657032315,1114.086,144.13
2526,139.90000000000003,4300,37,134,0.05,5.464533779158521,1114.7569999999998,144.16
2527,3079.6,44000,358,930,0.05,5.379284270604452,1138.4769999999999,146.7
2528,98.89999999999989,5100,40,131,0.05,5.430359884072806,1140.5449999999998,146.94
2529,1884.3999999999976,28000,221,596,0.05,5.59974612365633,1139.6149999999998,146.87
2530,808.6999999999999,12800,111,318,0.05,5.650655954888782,1141.6719999999996,147.11
2531,708.4000000000003,12300,105,305,0.05,5.444275797390547,1143.4949999999997,147.32
2532,3445.4999999999955,47200,384,998,0.05,5.303765802918551,1167.6659999999997,149.92
2533,303.90000000000003,6800,60,193,0.05,5.598257902372686,1159.9069999999997,149.12
2534,204.49999999999994,5400,49,166,0.05,5.362866968993681,1149.3629999999996,147.99
2535,604.4000000000001,10600,89,266,0.05,5.74446906093368,1132.0369999999996,146.29
2536,528.1000000000003,10300,85,252,0.05,5.606121639410655,1112.2199999999998,144.28
2537,5588.199999999998,74800,606,1557,0.05,5.9719643562209095,1157.6119999999996,148.98
2538,136.5999999999999,5200,46,155,0.05,6.093090375777214,1152.0729999999996,148.46
2539,1031.600000000001,16400,136,383,0.05,6.199261899405298,1154.9439999999997,148.75
2540,436.10000000000025,9300,77,228,0.05,6.36854852918993,1153.8339999999998,148.74
2541,610.9000000000004,10500,90,267,0.05,6.292979040395901,1156.114,149.03
2542,398.8000000000004,7800,67,211,0.05,5.906950674915766,1162.676,149.6
2543,2008.4999999999984,27500,228,612,0.05,5.937632523330987,1175.8629999999998,150.86
2544,462.60000000000025,8300,73,225,0.05,5.964342762629191,1162.0480000000002,149.4
2545,1576.8999999999996,24200,195,528,0.05,6.316655681891874,1158.0369999999998,148.96
2546,4312.999999999998,57200,459,1187,0.05,6.494676679749396,1201.9969999999998,153.35
2547,826.7000000000002,14600,119,334,0.05,6.203467436179429,1207.0099999999998,153.93
2548,4738.100000000003,65100,527,1358,0.05,6.292353471705418,1247.831,158.22
2549,1175.9000000000003,18500,150,414,0.05,6.2466662074056805,1237.4139999999998,157.14
2550,2098.4999999999995,29800,242,647,0.05,6.2234110485825695,1249.3429999999998,158.32
2551,2090.6999999999994,31000,250,666,0.05,6.139198453576715,1244.926,157.93
2552,57.60000000000002,3900,32,122,0.05,6.449442511699239,1232.338,156.58
2553,2888.9000000000015,41900,340,893,0.05,6.305133450338315,1257.864,159.43
2554,1185.7,18600,150,418,0.05,6.191843857605492,1271.5249999999999,160.81
2555,1312.3999999999994,18700,156,433,0.05,6.06302961796591,1266.9859999999999,160.19
2556,210.29999999999995,6500,55,177,0.05,6.048593503607195,1271.191,160.65
2557,-12.499999999999972,2900,27,108,0.05,6.244395304609228,1244.5880000000002,157.89
2558,571.4000000000003,10100,86,258,0.05,6.094877889914106,1244.985,157.92
2559,509.4000000000002,9500,74,225,0.05,6.355865020751953,1249.7209999999998,158.34
2560,1496.7999999999997,23100,187,509,0.05,6.090688066070347,1252.396,158.67
2561,-78.8,2200,18,87,0.05,5.908308785537193,1242.6109999999999,157.7
2562,446.90000000000066,9300,72,220,0.05,5.945096798376603,1227.4019999999996,156.12
2563,559.3000000000001,10100,81,246,0.05,5.959783291429039,1200.5779999999997,153.25
2564,1280.6999999999994,19300,160,441,0.05,6.234500873115868,1206.5159999999998,153.86
2565,1296.599999999999,20000,165,450,0.05,6.260297423998515,1206.4579999999996,153.99
2566,2274.2000000000016,33900,266,709,0.05,6.128222532097476,1210.7179999999998,154.54
2567,2666.900000000001,37900,306,806,0.05,5.9493298382676265,1234.6599999999999,157.01
2568,1317.2999999999995,21200,168,463,0.05,6.00449171076583,1191.9449999999997,152.65
2569,460.2999999999999,8900,77,233,0.05,5.8919306527903155,1194.6439999999998,152.92
2570,323.70000000000005,7500,64,199,0.05,5.836141156191802,1186.3819999999996,152.1
2571,169.90000000000038,5800,44,147,0.05,6.005159650530134,1183.4679999999996,151.77
2572,467.6000000000006,9400,76,233,0.05,5.694640364258074,1182.6309999999999,151.67
2573,-115.49999999999999,1300,13,74,0.05,5.676214810964224,1165.9059999999997,149.97
2574,1688.4999999999989,23900,206,556,0.05,5.824854569469425,1167.4579999999996,150.13
2575,3256.9999999999964,44600,361,946,0.05,6.035961392061907,1196.8789999999997,153.13
2576,568.6999999999996,11000,93,275,0.05,5.94310768734325,1185.597,152.0
2577,1078.5000000000005,17300,145,404,0.05,5.693759257250493,1194.1339999999998,152.89
2578,170.49999999999994,5200,46,156,0.05,5.749895849289039,1179.4339999999997,151.4
2579,864.4999999999999,14400,121,343,0.05,6.051341546172651,1184.0479999999998,151.84
2580,1501.4999999999998,22700,191,516,0.05,5.99090850676677,1165.7689999999998,149.99
2581,1496.3999999999999,21700,180,492,0.05,5.863000637632076,1168.5129999999997,150.22
2582,-29.499999999999986,2700,25,102,0.05,6.091264741093505,1161.8109999999997,149.52
2583,225.30000000000018,6600,53,174,0.05,6.036253634540514,1159.8899999999996,149.34
2584,608.8000000000001,11100,93,273,0.05,6.051396253781441,1167.9279999999997,150.15
2585,258.6999999999998,7000,57,178,0.05,5.755210560359312,1161.6909999999996,149.53
2586,174.89999999999995,5800,46,149,0.05,5.768335009581291,1155.7129999999995,148.95
2587,3930.7,54900,453,1166,0.05,5.642457531614942,1189.3489999999995,152.6
2588,1595.8000000000004,24200,199,534,0.05,5.509722014937955,1196.8319999999994,153.42
2589,853.8000000000004,14000,113,322,0.05,5.568169181391319,1203.4719999999998,154.08
2590,477.10000000000053,9700,81,240,0.05,5.640563487013181,1194.7189999999996,153.23
2591,3338.9000000000037,47000,389,1015,0.05,5.668290091970284,1222.7879999999996,156.27
2592,335.1999999999998,7800,62,196,0.05,5.428925858468426,1209.6279999999997,154.88
2593,359.7000000000004,7700,66,206,0.05,5.407112097277225,1210.6879999999996,155.01
2594,1233.8000000000006,18500,150,417,0.05,5.702242611123504,1215.0249999999996,155.38
2595,3790.5999999999976,51200,426,1106,0.05,5.561948312126491,1223.8469999999995,156.33
2596,2717.4999999999945,37800,313,818,0.05,5.477944401190741,1241.4459999999995,158.15
2597,1910.6999999999985,27900,234,628,0.05,5.403573819026826,1259.1589999999994,160.05
2598,842.5,14900,123,344,0.05,5.603088292271592,1259.2469999999994,160.11
2599,750.6000000000001,12600,106,308,0.05,5.761528539967228,1257.8019999999997,159.96
2600,1645.8999999999994,24600,205,555,0.05,5.649226352760384,1258.6219999999994,160.06
2601,1050.8999999999996,15800,140,392,0.05,5.6154791512051405,1266.6019999999996,160.94
2602,265.5000000000001,6500,57,184,0.05,5.554251074790955,1239.7529999999997,158.1
2603,258.7,6900,59,183,0.05,5.164106247855014,1239.6309999999999,158.14
2604,425.3,8700,72,223,0.05,5.515419740847943,1242.7329999999997,158.38
2605,2245.7000000000025,32400,265,706,0.05,5.490027003180204,1264.1219999999996,160.65
2606,1027.8000000000002,16100,131,368,0.05,5.537535265088081,1261.3249999999998,160.33
2607,2794.4000000000005,38400,321,842,0.05,5.723126615877672,1261.5879999999995,160.49
2608,-31.09999999999988,4000,31,109,0.05,5.589600928332827,1232.1599999999996,157.41
2609,840.0000000000002,13200,116,332,0.05,5.473514430494194,1239.4409999999996,158.18
2610,77.80000000000001,4200,36,130,0.05,5.637410503167373,1231.945,157.4
2611,1530.799999999999,22900,189,515,0.05,5.28078115750285,1211.4579999999999,155.25
2612,4610.899999999996,62200,516,1334,0.05,5.295725061260778,1247.5069999999998,159.09
2613,4338.099999999999,57800,477,1235,0.05,5.090492051429594,1277.7759999999998,162.21
2614,260.40000000000015,6600,57,184,0.05,4.7402095535527105,1278.7779999999998,162.35
2615,5574.400000000007,72500,592,1523,0.05,5.002526003674152,1330.8959999999997,167.58
2616,1642.0999999999988,24100,201,546,0.05,5.078877372619433,1334.7889999999998,167.94
2617,-78.40000000000003,2400,18,86,0.05,4.9905041206714715,1322.684,166.6
2618,2298.699999999999,32200,261,694,0.05,5.163220273658247,1329.0720000000001,167.16
2619,5473.399999999999,72600,587,1511,0.05,4.946100179917129,1361.741,170.41
2620,3787.3999999999996,51200,424,1102,0.05,5.143316659001386,1353.0639999999999,169.29
2621,838.6000000000005,13900,112,323,0.05,4.974199855290699,1357.799,169.74
2622,1212.7,17800,146,409,0.05,4.813216987040923,1366.844,170.6
2623,1967.5999999999985,27700,224,598,0.05,4.8452326537773365,1381.9170000000001,172.07
2624,227.10000000000008,5600,44,152,0.05,5.028911672140422,1374.1580000000001,171.18
2625,5824.399999999996,78400,648,1663,0.05,5.092046239758857,1426.9830000000002,176.82
2626,1595.3999999999978,24000,200,537,0.05,4.848158094026079,1441.5380000000002,178.45
2627,874.3000000000002,15500,128,361,0.05,4.862568889628487,1419.4849999999997,176.15
2628,1080.3999999999994,17100,148,414,0.05,4.834793956383415,1429.2999999999997,177.23
2629,1585.6000000000008,23300,199,539,0.05,4.799515550344464,1426.312,177.01
2630,1778.400000000001,25300,212,570,0.05,4.921457321602001,1436.0089999999996,178.02
2631,2957.3999999999974,41300,340,891,0.05,4.958444410167827,1458.4989999999996,180.37
2632,1372.3999999999992,21900,173,468,0.05,4.909846879987636,1437.7679999999998,178.26
2633,3241.4999999999964,45300,365,955,0.05,4.911076759667921,1467.1439999999996,181.31
2634,1831.6,26200,212,572,0.05,4.855101700429316,1483.4149999999997,182.94
2635,854.1999999999995,14800,123,340,0.05,5.032695982035468,1485.9129999999998,183.28
2636,-99.80000000000001,2000,17,81,0.05,4.648472206092175,1479.634,182.6
2637,2905.1,40300,328,862,0.05,4.6848681219216015,1452.803,179.82
2638,1176.4000000000017,18000,156,430,0.05,4.5918633921201835,1463.201,180.92
2639,212.50000000000026,5700,49,162,0.05,4.592127187752429,1455.01,180.05
2640,700.4,12400,102,296,0.05,4.778419306954822,1457.6529999999998,180.3
2641,853.4,14100,116,331,0.05,4.718714129168461,1460.078,180.56
2642,3500.399999999995,46500,381,993,0.05,4.704598653232463,1491.094,183.7
2643,111.20000000000006,4200,37,134,0.05,4.910080630387833,1472.121,181.79
2644,1453.7999999999988,21400,174,475,0.05,4.995695707923487,1482.033,182.8
2645,2633.8999999999996,36700,295,777,0.05,4.958172538565853,1492.6029999999996,183.8
2646,2116.5999999999985,30500,252,673,0.05,5.177257159843841,1470.6389999999997,181.73
2647,2366.000000000001,34200,276,732,0.05,4.870101399109012,1486.0319999999992,183.3
2648,194.49999999999994,5300,47,159,0.05,4.622524978229834,1440.5959999999998,178.5
2649,1052.8999999999985,17000,145,403,0.05,4.588622648130279,1439.3659999999998,178.45
2650,-34.499999999999986,2200,21,96,0.05,4.802982414762179,1418.0359999999998,176.24
2651,-127.5,1600,13,75,0.05,4.646763207117717,1395.854,173.87
2652,1151.1999999999982,17100,147,410,0.05,4.77420163619809,1406.79,175.02
2653,1203.3,18000,153,426,0.05,5.022208798099571,1389.9339999999997,173.15
2654,1173.4999999999995,17600,145,403,0.05,4.772065780298881,1389.812,173.1
2655,6264.90000000002,83000,670,1718,0.05,5.1233698924845115,1439.3369999999998,178.24
2656,3204.799999999996,44500,367,958,0.05,5.249871467498747,1469.282,181.36
2657,610.4000000000003,10400,90,265,0.05,5.276222130037704,1475.5109999999997,181.99
2658,355.0000000000002,8100,63,196,0.05,5.319358170032501,1473.3469999999998,181.76
2659,2341.9999999999995,32500,276,730,0.05,5.563195028043773,1491.6729999999995,183.78
2660,660.5000000000001,11500,96,281,0.05,5.507143366803478,1483.3099999999997,182.87
2661,1377.400000000001,21000,173,473,0.05,5.301203853736216,1497.8719999999996,184.42
2662,3168.3000000000025,43800,369,963,0.05,5.111530236861168,1525.0859999999996,187.39
2663,5351.300000000008,71400,602,1544,0.05,5.308764613045312,1573.0059999999999,192.6
2664,1066.3000000000002,17100,140,392,0.05,5.637936865796848,1570.8619999999996,192.4
2665,-29.5,2800,26,103,0.05,5.848200522580193,1557.6009999999997,191.01
2666,1239.9999999999998,19300,158,432,0.05,5.425999080141385,1547.2589999999996,189.93
2667,4799.699999999997,66000,528,1351,0.05,5.525884893538773,1568.5869999999995,192.15
2668,1366.8000000000015,19700,163,450,0.05,5.255516111585829,1569.0819999999994,192.1
2669,-27.599999999999994,2400,21,95,0.05,5.1634965419769285,1564.2029999999995,191.54
2670,577.3000000000002,10800,94,277,0.05,5.3841709806600635,1566.7389999999994,191.84
2671,612.9000000000002,10800,94,270,0.05,5.419347523759913,1571.168999999999,192.34
2672,1381.3999999999978,20700,168,463,0.05,5.548637592509293,1580.3069999999993,193.26
2673,1493.2999999999995,22000,180,492,0.05,5.347275883201661,1596.394999999999,194.93
2674,6457.700000000003,86500,710,1816,0.05,5.198469167107527,1644.0869999999993,199.97
2675,3370.6000000000004,45400,377,985,0.05,5.197576386795431,1645.2229999999993,200.13
2676,3193.7999999999997,43500,354,926,0.05,5.018185776201746,1671.473999999999,202.74
2677,399.9000000000003,8200,68,212,0.05,5.177117184647974,1664.6879999999996,201.97
2678,1709.5000000000002,23900,199,540,0.05,4.961796103583442,1680.0779999999995,203.5
2679,288.40000000000015,7300,59,190,0.05,4.8723511633120085,1674.3169999999996,202.88
2680,929.3999999999999,16100,125,350,0.05,5.0502890716280255,1668.5959999999989,202.22
2681,262.1000000000001,6700,55,179,0.05,5.123938816219734,1656.2529999999992,200.97
2682,1087.7999999999995,17300,141,394,0.05,5.04837970382671,1667.4259999999992,202.13
2683,920.5999999999999,15300,122,347,0.05,4.965902218557572,1674.3789999999995,202.82
2684,4726.700000000005,62600,521,1342,0.05,5.07616181291873,1715.557999999999,207.1
2685,1522.6999999999996,24600,202,536,0.05,5.141969449039715,1728.1979999999996,208.55
2686,4205.80000000001,58300,481,1240,0.05,5.185278134576736,1768.5069999999996,212.9
2687,3087.1999999999994,41800,351,918,0.05,5.1824200246848315,1760.0719999999994,211.88
2688,1127.2999999999986,17300,146,409,0.05,4.949580292829966,1755.3869999999995,211.35
2689,370.7000000000003,7700,66,208,0.05,4.940923776764136,1750.5559999999998,210.88
2690,562.1000000000001,11100,90,264,0.05,5.061411028558558,1751.4059999999995,210.97
2691,3959.699999999999,53400,432,1121,0.05,4.676459683891283,1757.614,211.4
2692,229.79999999999984,6000,51,170,0.05,4.755443199943094,1756.5599999999997,211.29
2693,2588.599999999998,37000,307,805,0.05,4.917522338606556,1778.8489999999997,213.7
2694,274.0,7300,58,184,0.05,4.790539750586385,1769.2509999999997,212.78
2695,1662.7999999999988,24600,202,545,0.05,5.090587710896763,1747.9730000000002,210.54
2696,737.8000000000002,12400,103,300,0.05,5.111828897794088,1728.1760000000002,208.44
2697,237.1,6300,53,174,0.05,5.116070534991122,1711.4400000000003,206.63
2698,3560.6999999999985,49000,397,1035,0.05,4.930200339515428,1738.6220000000003,209.37
2699,891.2000000000008,14500,117,333,0.05,4.659208704401423,1740.0280000000005,209.48
2700,2572.300000000001,37100,311,811,0.05,5.039790460125586,1749.2920000000001,210.54
2701,499.8999999999999,10000,81,243,0.05,5.230400224772009,1743.782,209.95
2702,485.10000000000025,9200,77,235,0.05,5.226540933771337,1745.9779999999998,210.15
2703,2886.0000000000014,39800,331,870,0.05,5.482135398908593,1772.2509999999997,212.87
2704,368.5,7500,68,210,0.05,5.520354528654189,1771.683,212.83
2705,928.2,14300,118,333,0.05,5.456178722438869,1758.5080000000003,211.36
2706,657.0000000000003,11800,96,276,0.05,5.657452589359837,1754.8000000000002,211.01
2707,1853.6999999999969,26700,216,581,0.05,5.50906476547714,1745.3930000000003,209.96
2708,3040.599999999999,42100,347,909,0.05,5.269823342922366,1776.1100000000004,213.12
2709,781.5000000000003,12700,106,304,0.05,5.050782536205492,1775.5250000000003,213.02
2710,960.7,15600,126,357,0.05,5.529860449104416,1784.3540000000005,213.92
2711,455.29999999999995,8800,75,229,0.05,5.750257730484009,1773.5990000000002,212.78
2712,1202.7000000000003,18600,156,430,0.05,5.2290600288745965,1739.5170000000005,209.18
2713,1800.1999999999975,26700,219,585,0.05,5.137851871180738,1714.1380000000004,206.6
2714,260.8000000000002,6500,54,178,0.05,5.20423186093234,1714.1420000000005,206.57
2715,1141.0999999999992,17500,150,417,0.05,5.077332533806634,1669.8090000000002,202.15
2716,-113.00000000000003,2500,20,85,0.05,5.2059971669140985,1652.2579999999998,200.34
2717,97.1000000000001,4400,37,136,0.05,4.795176595449448,1654.0130000000001,200.53
2718,703.1999999999996,12000,96,279,0.05,4.747250851764474,1638.0580000000002,198.88
2719,1505.3999999999992,22000,181,496,0.05,4.934785526606344,1598.3780000000002,194.82
2720,696.0999999999996,11100,100,292,0.05,5.138620046720113,1567.4650000000006,191.58
2721,1044.1999999999991,16200,137,384,0.05,5.0099262582759065,1569.5210000000006,191.83
2722,3188.6999999999975,42900,355,930,0.05,4.908622313827597,1589.2810000000006,193.92
2723,1899.4999999999982,27200,229,616,0.05,4.8928511909076144,1588.6000000000008,193.97
2724,141.20000000000002,4500,40,143,0.05,4.960220026803183,1587.741000000001,193.93
2725,2743.499999999997,37800,310,819,0.05,4.941024712153843,1556.932000000001,190.55
2726,2890.099999999996,39900,325,854,0.05,4.72807405983257,1569.879000000001,191.8
2727,1907.8,26900,223,600,0.05,4.746375879049301,1580.2140000000009,192.75
2728,1584.8999999999992,23300,192,521,0.05,4.8297125858446,1585.259000000001,193.19
2729,1002.6999999999996,16600,136,383,0.05,5.033898456289625,1579.430000000001,192.56
2730,2599.900000000001,37400,303,799,0.05,4.7744936537235345,1587.645000000001,193.47
2731,1591.899999999998,24100,195,529,0.05,4.785667167043416,1573.990000000001,192.02
2732,50.00000000000003,3500,30,117,0.05,4.765899218045748,1560.766000000001,190.59
2733,1040.6999999999991,15600,137,385,0.05,5.024519340094034,1538.758000000001,188.31
2734,1881.5999999999992,28300,225,606,0.05,4.984439295117218,1539.2580000000007,188.44
2735,1610.899999999999,23900,194,529,0.05,4.768692009390414,1546.825000000001,189.15
2736,921.7,14900,122,345,0.05,4.690910512122555,1557.0400000000009,190.2
2737,2299.8999999999983,33700,275,728,0.05,4.587260575739892,1550.9880000000005,189.67
2738,1190.3999999999987,18200,151,420,0.05,4.597234828699203,1551.1280000000004,189.62
2739,727.0999999999997,11900,104,303,0.05,4.577778990119204,1556.2740000000006,190.17
2740,977.1999999999997,16500,131,363,0.05,4.65148333380045,1559.0420000000006,190.46
2741,5229.800000000015,69300,581,1493,0.05,4.564114234148857,1602.806000000001,195.11
2742,1112.2999999999995,17100,143,401,0.05,4.67373002734862,1578.9250000000009,192.73
2743,1608.2999999999997,24100,192,523,0.05,4.790552555944906,1593.8960000000009,194.28
2744,3277.099999999994,44600,366,958,0.05,4.918536230019587,1612.1290000000008,196.2
2745,1771.8,25800,208,560,0.05,4.808585075395448,1603.5080000000007,195.33
2746,-186.10000000000002,1000,10,63,0.05,4.610577689276801,1580.4810000000007,192.91
2747,261.7999999999999,6000,52,173,0.05,4.770014740828144,1559.4390000000003,190.67
2748,542.6000000000003,10200,83,250,0.05,4.919772389411926,1562.9200000000003,191.03
2749,2625.9000000000005,36600,309,812,0.05,4.672539435877589,1578.65,192.67
2750,1680.7999999999986,25000,205,554,0.05,4.578319623797379,1595.8029999999999,194.51
2751,64.20000000000007,4200,36,129,0.05,4.8068920604942385,1597.7200000000003,194.74
2752,671.3999999999999,11100,98,285,0.05,4.861027221512376,1592.922,194.25
2753,1272.699999999999,18500,160,441,0.05,4.974406611081424,1593.616,194.32
2754,2774.5999999999985,38100,316,833,0.05,5.022397302636723,1609.6270000000004,196.03
2755,43.0,3500,31,119,0.05,5.136613238759401,1547.4079999999997,189.64
2756,2434.5999999999963,34800,287,760,0.05,5.13497089555389,1539.7059999999994,188.84
2757,1575.1000000000001,23500,191,515,0.05,4.823404628327749,1549.3529999999996,189.85
2758,603.6999999999998,10300,87,260,0.05,5.031850972542396,1551.8399999999997,190.09
2759,1691.8999999999983,24400,205,555,0.05,4.942249166643298,1545.339,189.38
2760,567.9000000000003,10100,86,257,0.05,4.820685670069683,1544.4129999999996,189.28
2761,491.30000000000007,8900,78,238,0.05,5.001720936358476,1535.552,188.33
2762,1906.5000000000007,26300,220,592,0.05,4.982282255549689,1522.9339999999997,186.84
2763,2410.099999999998,34000,281,745,0.05,5.44348890093349,1493.5220000000002,183.63
2764,832.6000000000003,15100,116,330,0.05,5.282692295132262,1491.185,183.39
2765,760.8000000000001,12300,101,296,0.05,5.169667783621195,1499.088,184.14
2766,365.19999999999976,8800,71,212,0.05,5.348878577070416,1490.34,183.27
2767,1755.4999999999993,26300,216,578,0.05,5.218645624429709,1459.898,180.15
2768,171.20000000000002,5100,44,152,0.05,5.353681685108888,1447.9419999999998,178.96
2769,538.1999999999998,12100,95,265,0.05,5.341691958229497,1453.6,179.7
2770,3654.4999999999977,49000,395,1029,0.05,5.510476045636325,1484.372,182.71
2771,514.8999999999997,9700,83,248,0.05,5.817992664152576,1483.3919999999996,182.6
2772,1362.600000000001,20900,169,464,0.05,5.618835863882098,1483.2039999999997,182.61
2773,460.10000000000014,8900,75,230,0.05,5.739768773576488,1472.8719999999998,181.56
2774,162.09999999999985,5700,51,161,0.05,5.371598314794695,1409.9159999999997,174.97
2775,276.6,6400,56,182,0.05,5.212233641645411,1378.9759999999994,171.76
2776,623.5000000000003,11100,93,274,0.05,5.408574360130477,1353.2729999999992,169.15
2777,1619.7999999999988,24100,199,537,0.05,5.246343505449135,1365.4719999999993,170.46
2778,2159.3999999999996,31300,255,679,0.05,5.335551857421605,1369.970999999999,171.02
2779,2598.799999999998,34600,283,751,0.05,5.143407729906978,1393.0749999999991,173.26
2780,1590.7999999999975,23500,185,506,0.05,5.489587539740702,1399.6889999999992,173.86
2781,740.7000000000002,13000,107,311,0.05,5.449648776621681,1404.4749999999992,174.38
2782,2189.399999999997,30100,252,673,0.05,5.3830127531848015,1415.490999999999,175.49
2783,1888.5999999999988,27900,226,602,0.05,5.422890073437231,1425.1709999999991,176.53
2784,436.39999999999975,9200,73,223,0.05,5.378531961697634,1382.2679999999996,172.05
2785,675.6000000000005,11400,98,285,0.05,5.582151590313828,1373.7969999999996,171.01
2786,296.29999999999995,7100,61,191,0.05,5.741941998766355,1334.7019999999995,166.81
2787,985.8999999999993,15100,128,360,0.05,5.57469950583246,1313.6889999999999,164.58
2788,1282.3999999999985,18800,161,445,0.05,5.47482767480143,1315.2399999999998,164.73
2789,1757.5999999999997,25600,205,552,0.05,5.483776481687158,1329.109,166.12
2790,-119.20000000000002,2200,20,91,0.05,5.76958315713065,1322.2959999999994,165.42
2791,1029.3,16200,137,381,0.05,5.790441180151592,1292.9919999999997,162.47
2792,510.29999999999984,9800,81,243,0.05,5.781712820500504,1295.7969999999998,162.77
2793,1186.4999999999989,18600,153,424,0.05,5.671332087156908,1281.7759999999998,161.23
2794,1311.9999999999998,19000,159,439,0.05,5.59858545952886,1292.1559999999997,162.24
2795,293.69999999999976,6900,58,187,0.05,5.611100571678284,1278.465,160.8
2796,1581.1999999999998,23600,192,524,0.05,5.645458029426691,1286.8989999999997,161.69
2797,73.90000000000008,3700,30,116,0.05,5.770576193414885,1285.2669999999998,161.46
2798,956.7999999999998,15100,132,371,0.05,5.9464797645887595,1259.2279999999998,158.81
2799,317.80000000000007,6600,57,185,0.05,5.830433491114023,1253.4939999999997,158.21
2800,532.6999999999999,8900,75,230,0.05,5.855959600987641,1233.0979999999997,155.85
2801,485.0999999999998,9000,70,218,0.05,5.946526952839773,1232.9499999999998,155.74
2802,1110.8000000000006,17500,148,411,0.05,6.236285952175911,1239.2069999999999,156.45
2803,1837.7999999999977,27600,224,599,0.05,6.28537099150465,1228.725,155.38
2804,1333.6999999999973,19700,167,459,0.05,6.30330099934846,1238.3769999999997,156.37
2805,412.4,8200,70,218,0.05,6.376948007749855,1233.219,155.89
2806,731.2999999999995,11700,103,301,0.05,6.5396264882578805,1233.962,155.96
2807,875.1999999999998,13600,117,335,0.05,6.311719581262389,1224.177,154.97
2808,1179.1999999999994,17900,150,416,0.05,6.220626314099018,1205.5629999999999,153.0
2809,3112.8000000000043,42100,342,897,0.05,6.269820694407757,1228.876,155.36
2810,36.69999999999993,3300,30,116,0.05,6.412373849030199,1219.6359999999997,154.4
2811,430.19999999999993,8500,74,228,0.05,6.387548710170545,1219.3849999999998,154.39
2812,1452.9999999999998,21000,175,480,0.05,6.5327633887529375,1221.8879999999997,154.58
2813,801.6999999999998,13000,114,323,0.05,6.514452863403887,1211.9029999999998,153.53
2814,1535.1999999999987,23700,191,516,0.05,6.588933903579564,1224.647,154.9
2815,611.9000000000001,10900,92,271,0.05,6.574178021772322,1219.3549999999998,154.32
2816,1340.1999999999994,19800,162,444,0.05,6.307129987725267,1233.8869999999997,155.74
2817,4257.400000000004,58400,485,1252,0.05,6.498626273470565,1275.4899999999998,160.22
2818,680.700000000001,11500,100,293,0.05,6.686476327453457,1275.2649999999999,160.26
2819,2807.2999999999993,39300,320,844,0.05,6.8835640329320285,1288.2839999999999,161.65
2820,510.4000000000001,9200,80,242,0.05,6.395253297711207,1286.427,161.45
2821,1682.199999999997,24000,200,544,0.05,6.280839426114278,1292.8069999999998,162.08
2822,1790.1999999999994,26000,222,595,0.05,6.570038073002792,1278.822,160.75
2823,273.5000000000001,6100,55,179,0.05,6.554978426608294,1262.5619999999997,159.01
2824,714.3000000000008,12200,97,285,0.05,6.784061232784338,1268.2929999999997,159.58
2825,-47.89999999999999,2400,23,99,0.05,6.3820999005828245,1240.379,156.71
2826,942.9,16000,129,364,0.05,6.43330650473689,1220.9069999999995,154.75
2827,199.8,6200,50,167,0.05,6.333523676067055,1203.8269999999995,153.02
2828,877.7999999999994,14500,124,352,0.05,7.035412887280637,1196.7559999999996,152.34
2829,1592.3999999999992,23000,196,533,0.05,6.932159290975746,1202.6529999999996,152.94
2830,7576.100000000017,101900,833,2126,0.05,6.742083846681654,1252.4149999999997,158.24
2831,126.99999999999997,4600,40,142,0.05,6.301911139152419,1237.7659999999998,156.69
2832,1569.8000000000006,23200,191,521,0.05,6.042101312278557,1252.9639999999997,158.3
2833,770.3000000000002,12500,102,292,0.05,6.260431454606252,1250.2599999999998,157.95
2834,1315.1,19400,162,446,0.05,6.144725853552198,1244.5949999999998,157.32
2835,-43.69999999999998,2100,20,93,0.05,6.460466515633367,1228.0489999999998,155.58
2836,356.1999999999998,8000,60,189,0.05,6.001803581046049,1222.3939999999998,154.96
2837,473.4000000000002,9300,78,237,0.05,6.165288164645811,1204.129,152.99
2838,203.50000000000006,6400,51,170,0.05,6.372609257698059,1194.2599999999998,151.99
2839,37.700000000000045,4100,32,119,0.05,6.179698527360163,1187.3659999999998,151.27
2840,906.6000000000003,14700,118,337,0.05,6.237587265161803,1186.6599999999996,151.14
2841,5428.70000000001,73600,588,1510,0.05,6.105192797705038,1188.649,151.21
2842,1380.0999999999992,20700,172,472,0.05,5.914022214836994,1191.327,151.5
2843,248.2999999999999,6300,55,180,0.05,5.76222540140152,1177.7269999999999,150.13
2844,545.4000000000001,10300,87,258,0.05,6.042991332305494,1150.4099999999999,147.34
2845,1027.1000000000001,17000,141,391,0.05,5.706899063056692,1142.963,146.67
2846,1577.3000000000022,24300,200,543,0.05,5.854515254826835,1160.5970000000002,148.57
2847,475.89999999999975,9600,79,240,0.05,5.978230676054954,1162.738,148.84
2848,2819.4,38700,320,843,0.05,5.952513600300781,1185.5059999999999,151.21
2849,547.3999999999999,8800,84,251,0.05,5.9214529288242534,1164.721,148.96
2850,1132.7999999999993,16900,139,390,0.05,5.91434176334968,1159.241,148.3
2851,-21.000000000000156,3100,26,103,0.05,6.3758647765928105,1158.389,148.2
2852,395.89999999999986,8700,73,221,0.05,6.214932974647073,1155.6339999999998,147.95
2853,2208.2999999999997,31100,260,689,0.05,6.1428010183425705,1164.99,148.95
2854,68.69999999999992,3800,32,121,0.05,6.2466693180651705,1137.931,146.11
2855,66.99999999999997,4500,36,133,0.05,6.048062016193132,1138.171,146.16
2856,866.8999999999997,14100,118,338,0.05,6.15408343111975,1122.4940000000001,144.47
2857,1835.2000000000005,25600,221,594,0.05,6.2862957242362025,1125.095,144.77
2858,1042.9000000000003,17200,140,390,0.05,6.544395562318655,1129.487,145.3
2859,413.10000000000076,8000,68,214,0.05,6.691431484489797,1116.6989999999998,143.93
2860,1727.6999999999991,25000,209,563,0.05,6.597780151011465,1128.297,145.16
2861,1475.9000000000003,21900,188,510,0.05,6.447127060329213,1138.1429999999998,146.26
2862,1951.999999999999,28300,235,631,0.05,6.3804463988816496,1138.5979999999997,146.41
2863,242.29999999999984,6600,55,180,0.05,6.521376797888014,1116.9199999999998,144.15
2864,2216.2999999999993,31800,261,693,0.05,6.347200591842849,1130.757,145.6
2865,422.8,8300,69,215,0.05,6.418832376391388,1127.3769999999997,145.28
2866,336.29999999999995,7100,65,206,0.05,6.290505759924361,1127.088,145.22
2867,1241.1999999999996,18800,158,435,0.05,6.294241383431972,1121.945,144.64
2868,2789.0999999999995,39000,321,845,0.05,6.237692136877388,1148.124,147.41
2869,2647.800000000001,36100,295,776,0.05,6.380374886325954,1169.2200000000003,149.41
2870,286.5999999999999,6400,56,182,0.05,6.563421551997845,1135.5410000000002,146.02
2871,1366.0999999999988,20800,170,468,0.05,6.3240220455022955,1144.053,146.89
2872,-66.10000000000002,2600,22,94,0.05,6.396291618651532,1129.7660000000003,145.42
2873,259.2000000000003,6700,57,184,0.05,6.404666813819305,1127.757,145.24
2874,828.8999999999999,14000,119,338,0.05,6.374868833101713,1134.4250000000002,145.92
2875,1418.0,21800,179,489,0.05,6.672588528787188,1145.8390000000002,147.15
2876,1063.899999999999,16400,138,385,0.05,6.470531716904083,1150.243,147.6
2877,2794.9999999999977,38600,321,841,0.05,6.33880436066073,1161.9950000000001,148.82
2878,10680.599999999995,136300,1130,2866,0.05,6.614824091398209,1247.2069999999999,157.57
2879,329.4000000000001,7100,63,198,0.05,6.541595444534764,1224.513,155.37
2880,431.5000000000002,9400,78,232,0.05,6.376531220715622,1212.92,154.3
2881,2455.5,34200,277,733,0.05,6.338266527831636,1230.068,156.0
2882,825.0999999999991,13500,111,318,0.05,6.366755967620034,1216.425,154.59
2883,-147.3,1300,11,63,0.05,6.221852991316053,1196.066,152.44
2884,1197.3999999999996,18300,153,421,0.05,6.440659948312755,1203.6760000000002,153.24
2885,908.7999999999996,14000,122,348,0.05,6.466384402636824,1206.008,153.48
2886,515.6,10100,82,246,0.05,6.665970671467665,1208.201,153.69
2887,940.0000000000007,15500,123,351,0.05,6.534553771684652,1207.7420000000002,153.64
2888,1374.3999999999996,19900,174,478,0.05,6.352915790789297,1208.662,153.77
2889,1866.699999999999,26100,220,592,0.05,6.36650828292241,1209.753,153.92
2890,266.8000000000002,6100,51,167,0.05,5.915626971307629,1213.6130000000003,154.23
2891,1042.1999999999994,16100,127,360,0.05,6.500159935156504,1213.7420000000002,154.13
2892,2015.6,28500,241,643,0.05,6.765275074200905,1228.795,155.73
2893,1227.4000000000005,19600,153,421,0.05,6.651855573518259,1229.2040000000002,155.73
2894,1878.8999999999996,26900,222,597,0.05,6.525558388612578,1234.873,156.36
2895,821.3999999999997,14900,123,340,0.05,6.675541276090286,1240.15,157.01
2896,564.4,10000,83,250,0.05,6.398073582649231,1229.982,155.92
2897,1537.8999999999983,21700,177,484,0.05,6.465227535440902,1244.6219999999998,157.39
2898,940.7000000000005,15200,131,366,0.05,6.554329052648909,1244.461,157.38
2899,878.2999999999998,15400,126,356,0.05,6.668414461478759,1250.0659999999998,158.07
2900,632.1,11800,95,275,0.05,6.769460729252208,1251.06,158.27
2901,2668.8999999999955,37300,308,812,0.05,6.363989120046494,1272.898,160.65
2902,1458.7999999999977,21000,176,483,0.05,6.3088258921976665,1276.378,160.93
2903,1785.5999999999988,26200,219,589,0.05,6.457728976507139,1275.856,160.88
2904,911.6000000000003,14500,120,341,0.05,6.679607974469137,1271.6350000000002,160.41
2905,-55.099999999999994,2700,20,87,0.05,7.179249322277376,1266.96,159.91
2906,1009.4000000000005,16500,133,375,0.05,6.605119272232056,1269.741,160.21
2907,1005.5000000000005,16000,126,354,0.05,6.456748073383913,1271.0439999999999,160.3
2908,1153.299999999999,18600,153,425,0.05,6.3991062091378605,1270.785,160.33
2909,1673.3000000000009,23000,197,535,0.05,6.545532076381077,1256.39,158.88
2910,5475.999999999995,73100,586,1503,0.05,6.226879733923825,1310.783,164.44
2911,215.3999999999999,5800,51,168,0.05,6.061363549459548,1308.6349999999998,164.21
2912,364.6000000000001,7400,64,202,0.05,6.252204426444403,1297.751,163.1
2913,1173.8000000000009,18800,154,425,0.05,6.155647988599889,1301.472,163.5
2914,153.39999999999992,4900,40,142,0.05,6.501125763839399,1287.654,161.99
2915,1938.0999999999997,28400,229,608,0.05,6.369255601967636,1300.916,163.36
2916,2120.4999999999986,30000,250,666,0.05,6.180828151402173,1308.719,164.24
2917,5559.400000000018,75400,608,1561,0.05,6.288835680538229,1321.739,165.47
2918,4835.300000000003,65900,516,1332,0.05,6.392785916099319,1363.285,169.63
2919,613.3000000000001,12000,93,276,0.05,6.277764961339425,1341.345,167.36
2920,523.9000000000002,10300,83,248,0.05,6.121987793714769,1341.48,167.39
2921,1471.7999999999993,21900,172,473,0.05,6.12005959303132,1339.376,167.11
2922,2129.4999999999986,30500,252,672,0.05,5.880615101683707,1342.7690000000002,167.41
2923,435.0000000000001,8800,71,218,0.05,5.853266650383626,1344.3840000000002,167.57
2924,502.5000000000002,9600,80,242,0.05,6.195447106006717,1342.2660000000003,167.4
2925,900.8999999999995,14700,125,356,0.05,6.1395731990257,1351.7540000000001,168.42
2926,2500.599999999998,34900,276,732,0.05,5.873491181376202,1367.3310000000004,169.89
2927,575.0000000000002,10700,92,271,0.05,6.240348936446918,1371.083,170.31
2928,718.3000000000004,11500,97,284,0.05,6.288370294470183,1369.4880000000003,170.04
2929,162.49999999999994,4900,34,125,0.05,6.244577699661255,1355.1890000000003,168.42
2930,172.89999999999995,5800,49,162,0.05,5.918000982131487,1281.1570000000002,160.58
2931,187.29999999999973,5500,47,158,0.05,6.384558178201506,1281.7600000000002,160.65
2932,734.3000000000002,12400,103,300,0.05,6.290068900585174,1273.4050000000002,159.77
2933,4196.8,55100,450,1165,0.05,6.220704444795207,1307.67,163.25
2934,2204.699999999998,30600,252,672,0.05,6.134427564839522,1316.566,164.15
2935,384.40000000000015,8100,69,212,0.05,5.946176744856924,1320.8470000000002,164.64
2936,29.799999999999955,3600,30,115,0.05,6.197388750573863,1317.5829999999999,164.34
2937,1287.6,18600,160,443,0.05,6.07555551507403,1325.725,165.16
2938,760.3000000000002,13300,111,317,0.05,6.222696790935865,1331.2930000000001,165.76
2939,1240.4000000000003,18800,157,433,0.05,6.075215576427363,1343.32,167.01
2940,2618.2,34900,297,785,0.05,6.222542119785479,1360.4360000000001,168.8
2941,1996.0999999999992,28000,235,630,0.05,6.231690395824493,1326.1099999999997,165.27
2942,5491.300000000014,73700,603,1550,0.05,5.989659309694844,1367.2220000000002,169.58
2943,411.89999999999986,8000,68,213,0.05,6.300101488408908,1368.8580000000002,169.71
2944,1676.6999999999985,24500,197,535,0.05,6.085179722866165,1380.1710000000003,170.81
2945,3826.3999999999983,50500,422,1092,0.05,5.92143180234965,1408.1640000000002,173.62
2946,3093.599999999997,41900,351,920,0.05,6.090074297915335,1423.3270000000005,175.13
2947,357.2000000000003,7200,64,202,0.05,5.804251890371342,1422.1400000000006,174.98
2948,3070.2999999999975,43600,350,915,0.05,6.143889279183143,1424.6490000000003,175.28
2949,14.30000000000004,3100,29,113,0.05,5.9554511530209435,1419.3180000000002,174.73
2950,800.2,12500,92,273,0.05,5.797352913098457,1415.9920000000004,174.26
2951,-85.19999999999999,2100,18,84,0.05,5.941894465968723,1415.3500000000004,174.18
2952,229.89999999999986,6300,52,170,0.05,6.084814945389243,1413.69,173.97
2953,777.1000000000005,12400,104,302,0.05,6.12034012466077,1399.3780000000002,172.41
2954,203.1000000000001,6200,47,159,0.05,5.951982276244733,1400.7220000000002,172.56
2955,2786.8999999999987,38600,315,830,0.05,5.779568216025111,1427.921,175.35
2956,655.2000000000006,11800,97,283,0.05,5.709310219902874,1425.8039999999999,175.14
2957,601.3999999999999,10200,82,246,0.05,6.0092842443202565,1413.4660000000001,173.75
2958,487.1999999999995,8500,73,222,0.05,6.174238222139376,1407.9089999999999,173.08
2959,667.7000000000008,12300,98,285,0.05,6.0176933807239195,1410.455,173.38
2960,526.0000000000001,9700,77,233,0.05,6.116577172995637,1398.4379999999999,172.06
2961,4749.499999999998,63100,510,1317,0.05,5.9336875551291826,1431.1740000000002,175.28
2962,550.0000000000001,10600,88,260,0.05,5.959733331203461,1417.1540000000002,173.81
2963,1083.5999999999992,17400,144,403,0.05,5.934367814667468,1425.5670000000005,174.7
2964,251.9,6700,54,175,0.05,6.148259474890573,1405.9230000000002,172.63
2965,109.60000000000008,4700,44,147,0.05,6.151233489821557,1402.7910000000004,172.38
2966,105.39999999999998,4300,38,136,0.05,5.971718865282395,1400.4820000000002,172.11
2967,2724.2000000000016,37800,312,820,0.05,6.037003222907462,1415.312,173.65
2968,3101.999999999998,41800,350,916,0.05,5.907094154295442,1418.4409999999998,173.94
2969,1761.799999999998,25300,208,562,0.05,6.275499711257283,1409.5809999999994,173.07
2970,4115.299999999997,55800,463,1200,0.05,6.019048803846041,1447.8679999999995,177.14
2971,436.90000000000066,8500,72,221,0.05,6.283783061472,1438.5759999999996,176.16
2972,499.10000000000036,9400,79,238,0.05,6.470094958273303,1444.2279999999996,176.73
2973,1588.799999999997,22700,194,528,0.05,6.185417154521653,1457.5239999999997,178.1
2974,266.6,7300,58,180,0.05,6.218077569537693,1451.9009999999994,177.49
2975,3841.5999999999963,53400,432,1121,0.05,6.202383677944554,1476.1369999999995,180.02
2976,2799.799999999996,39700,325,853,0.05,6.034415044370877,1493.4959999999992,181.89
2977,2300.799999999995,31400,261,693,0.05,5.987220469319287,1488.5539999999992,181.29
2978,2085.9999999999995,29700,249,665,0.05,6.184296164118257,1402.608,172.48
2979,133.30000000000013,4700,39,139,0.05,6.202157617472916,1400.647,172.24
2980,1169.1999999999998,17600,144,402,0.05,6.185601500729423,1408.024,172.9
2981,878.0000000000001,14700,123,349,0.05,6.01191972524867,1392.249,171.36
2982,4183.099999999993,57200,463,1192,0.05,6.146414622564444,1425.829,174.88
2983,2884.399999999996,39800,318,834,0.05,6.241048776560264,1456.1459999999997,177.95
2984,695.4000000000003,11900,100,292,0.05,6.191738962310634,1451.126,177.42
2985,2851.499999999998,41500,330,866,0.05,6.175597642090249,1470.5529999999999,179.5
2986,1249.1000000000006,18800,157,433,0.05,6.231515345342165,1477.8880000000001,180.25
2987,188.99999999999986,5200,45,154,0.05,6.097491420708693,1470.378,179.47
2988,499.20000000000016,10000,83,246,0.05,6.472711925584126,1461.626,178.56
2989,1039.5000000000002,16100,136,380,0.05,6.427718820069965,1453.354,177.72
2990,2016.2,29400,239,639,0.05,6.554805480631678,1470.8480000000004,179.6
2991,1048.8000000000004,16300,142,394,0.05,6.810875602785101,1470.914,179.75
2992,1366.9000000000003,21700,178,486,0.05,6.671662248211143,1464.4270000000001,179.12
2993,2781.899999999999,40000,326,855,0.05,6.52785504659017,1479.9720000000002,180.85
2994,216.40000000000026,5900,53,173,0.05,6.341295127923778,1463.3469999999998,179.16
2995,2583.3999999999987,36300,289,764,0.05,6.116418004348016,1480.9669999999999,180.82
2996,1696.5000000000005,25500,207,554,0.05,5.940463556709703,1492.2879999999996,182.06
2997,-287.29999999999995,400,3,42,0.05,5.912029958906627,1474.0359999999998,180.32
2998,1135.4,17600,143,401,0.05,5.987632708656521,1475.9829999999995,180.44
2999,712.1000000000001,12400,102,295,0.05,6.51213374380338,1474.3209999999997,180.2
3000,1412.1,21900,183,498,0.05,6.347279112980548,1482.1209999999999,181.08
